experiment_time_s,latitude,longitude,height_m,speed_m_s,horizontal_accuracy_m
0.018,37.52450303,127.01561400,22.42,nan,24.74
0.019,37.52450303,127.01561400,22.42,nan,24.74
0.043,37.52450303,127.01561400,22.42,nan,24.74
5.350,37.52453023,127.01567490,38.59,1.193,21.78
6.350,37.52458446,127.01569480,37.57,1.434,18.43
7.350,37.52458446,127.01577820,39.35,1.193,12.47
8.350,37.52458446,127.01578450,39.64,1.434,12.01
9.350,37.52459061,127.01580010,38.63,1.189,11.47
10.350,37.52459061,127.01581160,38.57,0.000,9.02
11.350,37.52459187,127.01581160,40.20,0.000,7.62
12.350,37.52459786,127.01581160,41.98,0.000,7.08
13.350,37.52460442,127.01581130,42.28,nan,7.28
14.350,37.52461077,127.01579420,37.90,0.000,11.86
15.350,37.52461133,127.01579220,37.87,0.000,11.83
16.350,37.52461238,127.01577920,35.31,0.000,12.02
17.350,37.52462285,127.01577240,35.32,0.000,8.62
18.350,37.52463139,127.01575130,33.19,0.000,14.24
19.350,37.52463336,127.01572630,31.90,0.000,19.75
20.350,37.52463385,127.01572130,28.54,0.000,11.87
21.350,37.52465321,127.01572130,9.52,0.243,32.50
22.515,37.52465351,127.01571990,12.91,0.125,13.42
23.515,37.52465351,127.01571540,15.98,0.243,13.49
24.515,37.52465321,127.01571260,14.85,0.582,13.02
25.515,37.52465303,127.01570670,16.38,0.632,13.02
26.515,37.52465303,127.01570030,14.89,0.582,12.93
27.515,37.52465250,127.01569610,15.04,0.462,12.93
28.515,37.52465207,127.01569070,14.74,0.414,12.93
29.515,37.52465250,127.01568970,14.79,0.392,12.80
30.515,37.52465443,127.01568970,14.98,0.392,12.80
31.515,37.52465152,127.01569070,16.41,0.330,12.72
32.515,37.52465152,127.01570940,16.82,0.163,14.25
33.514,37.52465152,127.01571110,17.05,0.120,14.25
34.514,37.52464943,127.01571280,17.06,0.212,14.25
35.514,37.52464655,127.01571280,17.12,0.325,14.25
36.514,37.52463674,127.01571280,14.58,0.069,14.25
37.514,37.52462795,127.01571300,3.70,0.206,14.25
38.514,37.52462468,127.01571300,3.44,0.359,14.25
39.514,37.52461170,127.01571980,4.24,1.298,14.25
40.514,37.52461090,127.01571980,5.54,0.507,14.25
41.514,37.52461090,127.01571980,7.07,0.351,14.25
42.514,37.52461090,127.01571550,7.40,0.297,14.25
43.514,37.52461126,127.01571550,6.65,0.177,14.25
44.514,37.52461315,127.01571550,5.62,0.209,14.25
45.514,37.52461403,127.01571550,7.15,0.383,14.25
46.514,37.52461617,127.01572210,7.80,0.232,14.25
47.514,37.52461617,127.01572370,7.85,0.145,14.25
48.514,37.52461617,127.01572530,8.93,0.237,14.25
49.514,37.52460602,127.01572740,10.01,0.587,14.25
50.514,37.52460335,127.01572900,10.61,0.476,14.25
51.514,37.52459990,127.01573300,11.23,0.399,14.25
52.514,37.52459420,127.01573300,12.06,0.368,14.25
53.514,37.52458723,127.01574270,12.65,0.363,14.25
54.514,37.52457972,127.01574930,12.92,0.464,14.25
55.514,37.52457108,127.01575070,13.13,0.301,14.25
56.514,37.52456902,127.01575170,13.03,0.060,14.25
57.514,37.52456902,127.01575170,12.96,0.259,14.25
58.514,37.52456902,127.01575070,13.24,0.093,14.25
59.514,37.52456707,127.01574920,14.11,0.413,14.25
60.514,37.52456521,127.01573900,14.77,0.587,14.25
61.514,37.52456278,127.01572520,15.23,1.263,14.25
62.514,37.52455837,127.01570620,15.86,1.631,14.25
63.514,37.52455326,127.01569020,16.64,1.632,14.25
64.514,37.52455326,127.01567480,17.05,1.511,14.25
65.514,37.52455326,127.01566210,17.28,1.238,14.25
66.514,37.52455312,127.01565110,17.52,1.276,14.25
67.514,37.52455312,127.01564610,17.91,0.994,14.25
68.514,37.52455312,127.01564440,18.10,0.759,14.25
69.514,37.52454655,127.01564410,17.95,0.832,14.25
70.514,37.52454090,127.01564130,18.07,0.803,14.25
71.514,37.52453731,127.01563560,17.87,0.622,14.25
72.514,37.52453294,127.01561880,18.32,1.212,14.25
73.514,37.52452342,127.01557560,17.95,2.025,14.25
74.514,37.52450675,127.01555410,18.20,2.281,14.25
75.514,37.52447676,127.01553610,18.33,2.658,14.25
76.514,37.52445152,127.01553080,17.36,2.704,14.25
77.514,37.52441266,127.01550530,17.52,2.694,14.25
78.514,37.52438744,127.01548070,15.38,2.619,14.25
79.514,37.52436552,127.01543550,16.32,2.587,14.25
80.514,37.52435229,127.01540220,17.90,2.266,14.25
81.514,37.52431993,127.01533040,10.92,2.729,14.25
82.514,37.52431866,127.01527310,9.22,2.305,14.25
83.514,37.52428219,127.01523940,9.13,3.565,14.25
84.514,37.52424039,127.01518820,8.27,5.466,14.25
85.514,37.52421417,127.01516090,9.55,4.268,14.25
86.514,37.52418221,127.01512610,11.42,4.041,14.25
87.514,37.52413691,127.01507230,13.24,4.162,14.25
88.514,37.52409957,127.01503360,14.43,3.747,14.25
89.514,37.52407075,127.01500260,14.65,3.700,14.25
90.514,37.52404231,127.01496820,14.43,3.698,14.25
91.514,37.52400635,127.01494180,14.80,3.643,14.25
92.514,37.52396703,127.01490970,14.69,4.046,14.25
93.514,37.52392672,127.01487910,14.74,4.207,14.25
94.514,37.52389000,127.01485390,15.12,4.090,14.25
95.514,37.52384791,127.01482760,15.63,4.412,14.25
96.514,37.52381340,127.01480020,15.65,4.301,14.25
97.514,37.52378121,127.01477500,15.54,4.061,14.25
98.514,37.52372906,127.01474490,14.98,5.102,14.25
99.514,37.52368188,127.01470460,16.02,5.749,14.25
100.514,37.52365099,127.01467830,15.89,4.560,14.25
101.514,37.52361491,127.01465440,15.89,4.530,14.25
102.514,37.52358293,127.01462010,16.59,4.622,14.25
103.514,37.52354798,127.01458890,15.56,4.588,14.25
104.514,37.52351265,127.01456210,15.31,4.581,14.25
105.514,37.52348177,127.01452960,15.36,4.574,14.25
106.514,37.52344209,127.01450180,15.85,4.551,14.25
107.514,37.52340599,127.01447730,15.48,4.344,14.25
108.514,37.52337037,127.01444380,15.69,4.580,14.25
109.514,37.52333967,127.01440940,15.39,4.582,14.25
110.514,37.52330507,127.01437730,15.24,4.705,14.25
111.514,37.52326761,127.01435020,15.67,4.704,12.16
112.514,37.52323348,127.01432000,15.95,4.645,11.12
113.514,37.52319878,127.01429050,15.84,4.672,10.50
114.514,37.52316305,127.01426460,15.98,4.625,10.08
115.514,37.52312435,127.01423850,15.85,4.584,9.78
116.514,37.52308687,127.01421040,16.39,4.666,9.56
117.514,37.52305949,127.01417970,16.53,4.522,9.39
118.514,37.52302699,127.01414910,16.40,4.594,9.25
119.514,37.52299396,127.01412550,15.82,4.504,9.14
120.514,37.52296083,127.01409210,15.92,4.683,9.04
121.514,37.52292892,127.01406810,16.02,4.582,8.96
122.514,37.52289428,127.01403630,15.91,4.680,8.89
123.514,37.52286089,127.01401150,15.89,4.591,8.83
124.514,37.52282576,127.01398770,16.16,4.710,8.78
125.514,37.52279239,127.01396370,16.17,4.483,8.73
126.514,37.52275873,127.01393180,16.21,4.642,8.69
127.514,37.52272078,127.01390620,16.24,4.946,8.66
128.514,37.52269320,127.01387710,16.24,4.278,8.62
129.514,37.52265347,127.01384860,16.63,4.881,8.59
130.514,37.52261757,127.01382950,16.72,4.221,8.56
131.514,37.52258170,127.01379390,16.68,4.549,8.54
132.514,37.52254818,127.01374490,16.46,4.603,8.51
133.514,37.52252060,127.01373170,16.68,4.293,8.48
134.514,37.52249485,127.01369610,16.82,4.391,8.46
135.514,37.52245511,127.01368930,16.53,4.018,8.44
136.514,37.52241342,127.01367820,16.49,4.384,8.41
137.514,37.52237174,127.01363810,15.91,4.473,8.39
138.514,37.52235900,127.01360270,15.90,3.759,8.37
139.514,37.52233383,127.01358020,16.16,3.495,8.36
140.514,37.52229899,127.01353840,16.08,4.144,8.36
141.514,37.52226913,127.01350010,15.97,4.291,8.35
142.514,37.52224024,127.01346720,15.67,4.432,8.33
143.514,37.52220801,127.01343940,15.48,4.648,8.31
144.514,37.52218149,127.01341450,15.06,4.368,8.30
145.514,37.52214846,127.01339410,15.80,4.480,8.28
146.514,37.52213469,127.01338940,15.84,2.599,8.27
147.514,37.52211782,127.01337020,15.50,2.258,8.29
148.514,37.52208600,127.01335600,16.03,2.591,8.27
149.514,37.52203584,127.01332440,15.80,3.903,8.26
150.514,37.52198101,127.01327150,15.97,5.111,8.24
151.514,37.52195180,127.01323250,15.93,4.306,8.22
152.514,37.52194134,127.01320870,14.02,2.604,8.21
153.514,37.52192447,127.01318210,14.03,2.509,8.19
154.514,37.52188836,127.01313420,14.35,3.873,8.18
155.514,37.52184402,127.01307860,13.91,5.288,8.17
156.514,37.52181247,127.01305260,14.32,4.909,8.16
157.514,37.52178735,127.01302820,13.53,4.275,8.16
158.514,37.52175931,127.01299360,13.47,3.970,8.15
159.514,37.52174009,127.01295730,13.81,3.855,8.14
160.514,37.52171889,127.01293350,13.57,3.405,8.13
161.514,37.52168803,127.01290890,13.33,3.401,8.13
162.514,37.52165152,127.01287820,12.94,4.074,8.12
163.514,37.52162290,127.01285140,12.91,4.069,8.18
164.514,37.52159698,127.01282030,13.09,4.188,8.17
165.514,37.52156828,127.01279190,13.61,4.196,8.16
166.514,37.52155533,127.01276890,13.99,3.500,8.16
167.514,37.52153852,127.01273590,12.94,3.318,8.15
168.514,37.52151219,127.01272500,13.60,2.839,8.14
169.514,37.52148787,127.01270270,13.32,2.713,8.31
170.514,37.52145894,127.01267140,13.39,3.340,8.29
171.514,37.52143175,127.01264040,13.85,3.891,8.28
172.514,37.52142132,127.01260460,14.58,3.793,8.27
173.514,37.52139001,127.01259520,15.45,3.359,8.25
174.514,37.52136038,127.01256350,15.68,3.837,8.24
175.515,37.52133398,127.01255860,14.33,3.039,8.23
176.515,37.52130678,127.01253890,13.17,3.004,8.22
177.515,37.52128135,127.01250780,15.27,3.587,8.21
178.515,37.52125025,127.01247790,16.02,3.887,8.20
179.515,37.52122189,127.01244600,16.77,4.382,8.19
180.515,37.52119404,127.01242800,16.12,4.048,8.18
181.515,37.52116943,127.01240070,15.72,3.814,8.17
182.515,37.52113712,127.01237050,15.98,4.329,8.16
183.515,37.52111594,127.01233270,16.42,4.168,8.15
184.515,37.52108451,127.01231400,16.24,3.961,8.14
185.515,37.52105295,127.01228680,15.36,4.108,8.14
186.515,37.52102644,127.01226760,16.14,3.380,8.13
187.515,37.52098908,127.01224310,15.71,4.006,8.12
188.515,37.52095858,127.01221240,15.53,4.074,8.12
189.515,37.52093149,127.01218000,15.66,4.201,8.11
190.515,37.52089906,127.01215600,15.55,4.214,8.11
191.515,37.52087049,127.01213140,15.66,4.030,8.10
192.515,37.52083599,127.01210250,15.82,4.215,8.10
193.515,37.52080048,127.01207950,15.41,4.389,8.09
194.515,37.52077595,127.01205280,15.62,4.091,8.09
195.515,37.52074295,127.01203030,15.53,3.933,8.08
196.515,37.52071740,127.01200200,14.64,3.758,8.08
197.515,37.52068464,127.01196090,14.72,4.382,8.07
198.515,37.52064925,127.01194060,14.53,4.156,8.07
199.515,37.52062495,127.01191420,15.03,3.574,8.07
200.515,37.52059993,127.01187700,15.32,3.752,8.06
201.515,37.52056727,127.01184950,15.23,3.999,8.06
202.515,37.52053962,127.01182520,15.57,3.720,8.06
203.515,37.52051726,127.01178480,15.53,3.973,8.05
204.515,37.52049350,127.01176590,15.40,3.335,8.05
205.515,37.52045815,127.01173510,15.63,4.092,8.05
206.515,37.52043255,127.01170950,15.79,3.749,8.05
207.515,37.52040036,127.01168750,15.17,3.915,8.04
208.515,37.52037258,127.01166390,15.18,3.797,8.04
209.515,37.52035062,127.01163650,15.01,3.464,8.04
210.515,37.52033411,127.01159780,14.95,3.499,8.04
211.515,37.52031496,127.01156470,14.96,3.451,8.04
212.515,37.52028961,127.01153280,15.22,3.601,8.03
213.515,37.52026316,127.01150720,15.53,3.570,8.03
214.515,37.52022921,127.01150720,15.32,3.608,8.03
215.515,37.52019730,127.01150720,15.60,3.556,8.03
216.515,37.52017689,127.01151250,15.56,3.187,8.03
217.515,37.52017689,127.01154590,15.81,2.760,8.03
218.515,37.52017689,127.01157950,16.00,2.408,8.03
219.515,37.52020396,127.01160400,16.12,2.656,8.02
220.515,37.52023507,127.01162050,16.25,3.064,8.02
221.515,37.52026913,127.01162210,16.12,3.243,8.02
222.515,37.52030891,127.01162540,15.90,3.760,8.02
223.515,37.52032292,127.01164870,17.75,3.053,8.02
224.515,37.52035473,127.01166370,17.42,3.481,8.02
225.515,37.52038275,127.01168600,18.08,3.585,8.02
226.515,37.52041037,127.01171220,17.70,3.692,8.02
227.515,37.52043741,127.01173750,17.56,3.720,8.02
228.515,37.52046447,127.01176680,17.62,3.857,8.02
229.515,37.52049288,127.01179240,17.53,3.876,8.01
230.515,37.52052026,127.01181980,17.43,3.878,8.01
231.515,37.52054863,127.01184670,17.58,3.909,8.01
232.515,37.52057713,127.01187240,17.59,3.894,8.01
233.515,37.52060765,127.01189580,17.50,3.929,8.01
234.515,37.52063812,127.01191960,17.56,3.953,8.01
235.515,37.52066724,127.01194150,17.59,3.848,8.01
236.515,37.52069674,127.01196530,17.51,3.888,8.01
237.515,37.52072610,127.01199260,17.52,3.994,8.01
238.515,37.52075743,127.01201830,17.32,4.101,8.01
239.515,37.52078648,127.01203990,17.45,3.907,8.01
240.515,37.52081746,127.01206250,17.46,3.946,8.01
241.515,37.52084675,127.01208760,17.42,3.942,8.01
242.515,37.52087535,127.01211520,17.45,3.982,8.01
243.515,37.52090310,127.01214240,17.40,3.936,8.01
244.515,37.52092976,127.01217150,17.37,3.921,8.01
245.515,37.52095583,127.01220240,17.37,3.940,8.01
246.515,37.52098294,127.01223200,17.35,3.973,8.01
247.515,37.52100946,127.01226090,17.26,3.921,8.01
248.515,37.52103948,127.01228830,17.26,4.040,8.01
249.515,37.52106461,127.01231800,17.24,3.912,8.01
250.515,37.52109774,127.01234560,17.10,4.244,8.00
251.515,37.52112544,127.01236890,17.24,3.905,8.00
252.515,37.52115678,127.01239460,17.26,4.019,8.00
253.515,37.52118806,127.01241890,17.13,4.052,8.00
254.515,37.52121921,127.01244150,17.10,4.018,8.00
255.515,37.52124922,127.01246570,17.09,3.976,8.00
256.515,37.52127861,127.01249100,17.20,3.948,8.00
257.515,37.52130554,127.01251490,17.08,3.826,8.00
258.515,37.52133471,127.01253950,17.15,3.844,8.00
259.515,37.52136207,127.01256750,17.04,3.886,8.00
260.515,37.52138897,127.01259520,16.74,3.846,8.00
261.515,37.52141421,127.01262650,16.74,3.861,8.00
262.515,37.52144052,127.01265200,16.77,3.702,8.00
263.515,37.52146595,127.01268220,16.65,3.823,8.00
264.515,37.52148918,127.01270960,16.54,3.647,8.00
265.515,37.52151267,127.01274190,16.61,3.723,8.00
266.515,37.52153319,127.01277080,16.70,3.536,8.00
267.515,37.52155669,127.01280340,16.62,3.757,8.00
268.515,37.52158229,127.01283230,16.59,3.848,8.00
269.515,37.52160680,127.01285960,16.40,3.736,8.00
270.515,37.52163112,127.01288510,16.51,3.522,8.00
271.515,37.52165771,127.01291580,16.30,3.910,8.00
272.515,37.52168279,127.01294340,16.35,3.752,8.00
273.515,37.52171065,127.01297300,16.34,3.920,8.00
274.515,37.52173574,127.01300670,16.21,4.121,8.00
275.515,37.52176322,127.01303430,16.33,4.082,8.00
276.515,37.52178839,127.01306250,16.40,3.816,8.00
277.515,37.52181541,127.01309360,16.40,3.966,8.00
278.515,37.52184386,127.01312500,16.39,4.140,8.00
279.515,37.52187110,127.01315550,16.40,4.020,8.00
280.515,37.52189965,127.01318780,16.36,4.231,8.00
281.515,37.52192482,127.01322070,16.52,4.013,8.00
282.515,37.52195172,127.01325510,16.47,4.209,8.00
283.515,37.52198149,127.01329120,16.40,4.427,8.00
284.515,37.52200380,127.01332130,16.43,4.313,8.00
285.515,37.52203405,127.01335250,16.16,4.328,8.00
286.515,37.52206853,127.01337760,16.08,4.290,8.00
287.515,37.52209877,127.01340430,16.03,4.034,8.00
288.515,37.52213063,127.01343380,15.87,4.290,8.00
289.515,37.52216176,127.01346060,15.79,4.187,8.00
290.515,37.52219003,127.01348690,15.68,4.021,8.00
291.515,37.52221874,127.01351620,15.56,4.028,8.00
292.515,37.52224956,127.01354820,15.21,4.038,8.00
293.515,37.52227758,127.01357780,14.84,4.118,8.00
294.515,37.52230291,127.01360320,14.86,3.885,8.00
295.515,37.52233435,127.01363350,14.74,4.002,8.00
296.515,37.52236149,127.01366040,14.80,4.077,8.10
297.515,37.52238921,127.01368360,14.49,3.996,8.09
298.515,37.52242070,127.01370500,14.40,4.260,8.09
299.515,37.52245731,127.01373280,14.53,4.566,8.08
300.515,37.52248657,127.01375520,14.71,4.596,8.08
301.515,37.52253557,127.01379250,14.42,5.261,8.07
302.515,37.52257305,127.01382780,14.27,5.400,8.07
303.515,37.52261522,127.01386310,14.33,5.847,8.07
304.515,37.52266709,127.01390050,14.09,6.344,8.06
305.515,37.52270883,127.01392980,14.31,6.365,8.12
306.515,37.52273862,127.01396210,14.63,6.256,8.11
307.515,37.52276144,127.01399020,15.10,5.946,8.11
308.515,37.52282428,127.01400820,14.44,6.090,8.10
309.515,37.52284676,127.01403440,14.68,5.533,8.09
310.515,37.52289930,127.01407450,14.35,5.824,8.08
311.515,37.52291823,127.01410360,14.11,5.437,8.08
312.515,37.52295518,127.01414420,14.52,5.414,8.08
313.515,37.52299612,127.01418220,14.65,5.335,8.08
314.515,37.52302752,127.01421020,14.72,4.995,8.07
315.515,37.52306582,127.01423960,14.60,4.990,8.06
316.515,37.52310215,127.01426850,14.69,4.881,8.06
317.515,37.52314212,127.01429710,14.79,4.998,8.06
318.515,37.52317716,127.01431810,14.73,5.039,8.05
319.515,37.52321797,127.01435530,14.66,5.252,8.05
320.515,37.52326225,127.01438860,14.76,5.431,8.07
321.515,37.52330256,127.01441700,14.50,5.488,8.19
322.515,37.52332228,127.01443960,14.47,5.281,8.18
323.515,37.52333253,127.01449040,14.84,4.592,8.17
324.515,37.52335096,127.01454590,15.49,4.452,8.18
325.515,37.52338305,127.01457230,15.41,4.421,8.18
326.515,37.52341190,127.01460510,15.25,4.315,8.17
327.515,37.52345491,127.01463300,14.89,4.465,8.29
328.515,37.52349652,127.01466250,15.06,4.616,8.28
329.515,37.52354043,127.01471850,14.02,4.724,8.69
330.515,37.52356249,127.01474480,13.69,4.363,9.44
331.515,37.52358435,127.01476840,13.95,4.190,10.14
332.515,37.52361311,127.01479150,13.78,4.097,10.16
333.515,37.52364395,127.01485240,14.89,4.136,10.91
334.515,37.52366459,127.01488480,15.10,3.906,11.14
335.515,37.52368426,127.01491410,15.08,3.711,11.09
336.515,37.52369389,127.01492690,15.27,3.225,11.15
337.515,37.52371896,127.01494630,14.94,3.038,11.25
338.515,37.52375303,127.01497580,15.32,2.857,11.05
339.515,37.52377186,127.01500080,15.53,2.503,11.07
340.515,37.52379437,127.01501970,15.66,2.187,11.04
341.515,37.52382348,127.01503570,15.17,2.210,11.12
342.515,37.52385626,127.01505500,14.59,2.152,11.46
343.515,37.52387842,127.01506040,14.26,1.832,12.10
344.515,37.52389506,127.01506300,14.02,1.518,12.37
345.515,37.52389952,127.01506720,14.02,1.080,13.12
346.515,37.52391640,127.01509440,13.54,1.242,13.05
347.515,37.52395519,127.01513150,13.35,1.678,13.19
348.515,37.52399912,127.01515320,14.12,2.334,12.93
349.515,37.52399924,127.01518920,14.56,2.208,13.35
350.515,37.52403241,127.01519820,13.78,2.395,13.47
351.515,37.52407930,127.01520840,13.82,2.955,13.20
352.515,37.52412466,127.01521200,15.03,3.449,12.95
353.515,37.52416786,127.01522700,16.14,3.759,12.70
354.515,37.52420124,127.01524910,17.56,3.745,12.46
355.515,37.52423646,127.01526690,17.79,3.465,12.24
356.515,37.52425967,127.01529020,18.22,3.383,12.03
357.515,37.52428555,127.01531250,18.82,3.582,11.83
358.515,37.52430863,127.01533030,19.24,3.349,11.64
359.515,37.52433513,127.01535060,18.91,3.268,11.45
360.515,37.52435973,127.01536390,18.71,2.913,11.28
361.515,37.52438028,127.01536770,18.67,2.476,11.12
362.515,37.52440635,127.01537740,18.06,2.154,11.15
363.515,37.52443163,127.01539010,17.78,2.220,11.57
364.515,37.52445622,127.01540070,17.47,2.492,12.16
365.515,37.52447582,127.01540630,17.04,2.364,12.20
366.515,37.52449986,127.01540630,16.40,2.567,12.80
367.515,37.52451576,127.01540630,16.08,2.275,13.59
368.515,37.52453031,127.01539920,15.96,1.894,14.28
369.515,37.52456488,127.01537770,16.12,2.103,15.36
370.515,37.52459333,127.01535300,16.04,2.378,16.10
371.515,37.52460821,127.01532550,15.76,2.301,16.52
372.515,37.52462580,127.01530760,15.68,2.322,16.78
373.515,37.52463810,127.01528990,15.45,2.133,16.79
374.515,37.52465199,127.01527790,15.17,1.876,17.43
375.515,37.52466299,127.01527240,15.21,1.591,17.59
376.515,37.52468237,127.01525680,15.36,1.816,17.94
377.515,37.52469539,127.01524510,14.90,1.734,18.14
378.515,37.52471440,127.01523680,14.85,1.755,18.34
379.515,37.52472766,127.01523520,14.74,1.783,18.17
380.515,37.52473956,127.01523470,14.53,1.823,18.28
381.515,37.52475229,127.01523470,14.26,1.748,18.68
382.515,37.52479137,127.01523470,14.11,2.138,19.55
383.515,37.52481906,127.01523830,13.90,2.424,19.56
384.515,37.52485115,127.01524050,13.92,2.933,19.10
385.515,37.52487471,127.01525040,13.62,3.093,18.58
386.515,37.52490112,127.01527040,13.60,3.151,18.05
387.515,37.52492581,127.01529540,13.27,3.267,17.55
388.515,37.52495252,127.01532290,12.91,3.355,17.07
389.515,37.52498335,127.01534470,12.87,3.360,16.62
390.515,37.52502937,127.01537160,13.73,3.736,16.18
391.515,37.52507272,127.01540330,14.01,4.305,15.78
392.515,37.52509831,127.01543350,13.96,4.250,15.39
393.515,37.52513213,127.01545690,13.52,3.967,15.02
394.515,37.52518208,127.01548740,13.81,4.235,14.67
395.515,37.52522044,127.01552090,14.07,4.310,14.33
396.515,37.52525314,127.01556170,14.02,4.375,14.02
397.515,37.52528676,127.01559280,14.18,4.279,13.72
398.515,37.52531998,127.01562630,14.14,4.301,13.43
399.515,37.52534995,127.01566010,14.11,4.281,13.16
400.515,37.52538496,127.01569380,14.42,4.280,12.90
401.515,37.52541432,127.01572680,14.79,4.311,12.66
402.515,37.52544466,127.01576020,14.70,4.310,12.42
403.515,37.52547800,127.01579210,14.44,4.291,12.20
404.515,37.52551022,127.01582830,14.53,4.416,11.99
405.515,37.52554156,127.01586520,14.69,4.440,11.79
406.515,37.52557028,127.01590510,14.96,4.450,11.60
407.515,37.52560142,127.01594140,15.53,4.425,11.42
408.515,37.52562981,127.01597770,15.66,4.425,11.25
409.515,37.52565961,127.01601270,15.88,4.459,11.09
410.515,37.52568939,127.01604630,16.07,4.471,10.93
411.515,37.52571569,127.01607770,16.42,4.138,10.79
412.515,37.52574329,127.01611370,16.08,4.149,10.65
413.515,37.52577183,127.01614880,16.44,4.524,10.52
414.515,37.52580010,127.01618250,16.74,4.445,10.39
415.515,37.52582742,127.01621570,16.95,4.325,10.27
416.515,37.52585378,127.01624950,17.05,4.259,10.16
417.515,37.52588101,127.01628050,16.88,4.194,10.05
418.515,37.52590729,127.01631490,17.33,4.321,9.95
419.515,37.52593218,127.01634270,16.47,3.997,9.85
420.515,37.52595711,127.01637470,16.11,3.908,9.76
421.515,37.52598678,127.01640870,15.83,4.127,9.67
422.515,37.52601845,127.01643380,15.82,4.169,9.59
423.515,37.52604428,127.01647360,16.39,4.157,9.51
424.515,37.52607499,127.01650450,16.24,4.223,9.43
425.515,37.52610297,127.01654030,16.09,4.299,9.36
426.515,37.52612814,127.01657740,16.62,4.327,9.29
427.515,37.52615631,127.01661070,16.63,4.292,9.23
428.515,37.52618412,127.01664680,16.57,4.340,9.17
429.515,37.52621115,127.01668120,16.39,4.294,9.11
430.515,37.52624073,127.01671610,16.77,4.378,9.05
431.515,37.52625560,127.01675420,18.61,3.977,9.00
432.515,37.52629305,127.01678150,18.06,4.217,8.95
433.515,37.52632320,127.01681480,17.89,4.315,8.90
434.515,37.52634911,127.01685020,17.82,4.241,8.86
435.515,37.52637835,127.01688390,17.82,4.296,8.81
436.515,37.52640513,127.01691600,17.80,4.199,8.77
437.515,37.52643234,127.01694810,17.61,4.154,8.73
438.515,37.52645703,127.01697890,17.42,3.963,8.70
439.515,37.52648728,127.01701010,17.52,4.149,8.66
440.515,37.52651934,127.01704090,18.00,4.380,8.63
441.515,37.52653764,127.01707050,17.66,3.886,8.60
442.515,37.52656110,127.01710160,17.44,3.794,8.57
443.515,37.52658681,127.01713030,17.45,3.795,8.54
444.515,37.52660766,127.01716290,17.36,3.736,8.51
445.515,37.52662808,127.01719440,17.40,3.636,8.49
446.515,37.52664831,127.01722740,17.36,3.655,8.46
447.515,37.52665667,127.01726360,17.05,3.388,8.44
448.515,37.52665667,127.01729780,17.96,3.121,8.42
449.515,37.52665667,127.01732630,17.76,2.707,8.40
450.515,37.52665506,127.01734680,18.66,2.113,8.38
451.515,37.52663340,127.01737330,18.42,2.391,8.36
452.515,37.52663340,127.01739530,17.44,2.275,8.34
453.515,37.52663340,127.01741650,17.81,1.801,8.32
454.515,37.52664389,127.01743550,17.97,1.803,8.31
455.515,37.52666244,127.01743550,17.95,1.754,8.29
456.515,37.52668325,127.01743550,18.30,1.749,8.28
457.515,37.52669426,127.01742470,18.34,1.044,8.26
458.515,37.52669426,127.01739070,16.96,2.130,8.25
459.515,37.52669426,127.01737380,16.65,1.373,8.24
460.515,37.52668933,127.01735880,16.27,1.413,8.23
461.515,37.52667705,127.01733570,17.09,1.774,8.21
462.515,37.52666364,127.01731040,17.05,2.263,8.20
463.515,37.52665044,127.01728770,17.12,2.389,8.19
464.515,37.52664834,127.01726970,16.99,2.034,8.18
465.515,37.52664834,127.01725880,17.08,1.154,8.17
466.515,37.52664186,127.01724860,16.90,0.669,8.17
467.515,37.52664003,127.01724210,16.90,0.203,8.16
468.515,37.52664003,127.01720860,17.16,0.964,8.15
469.515,37.52661613,127.01715620,17.36,2.442,8.14
470.515,37.52659824,127.01712250,17.93,2.847,8.14
471.515,37.52656264,127.01708590,17.47,3.527,8.13
472.515,37.52653612,127.01705930,17.94,3.615,8.12
473.515,37.52649837,127.01701600,18.12,4.423,8.12
474.515,37.52647097,127.01698000,17.83,4.491,8.11
475.515,37.52644004,127.01693970,17.60,4.676,8.10
476.515,37.52640581,127.01689970,17.46,4.985,8.10
477.515,37.52637113,127.01686020,17.22,5.093,8.09
478.515,37.52634040,127.01682150,17.17,4.921,8.09
479.515,37.52630609,127.01677970,17.16,5.072,8.09
480.515,37.52627515,127.01674050,17.47,5.055,8.08
481.515,37.52623908,127.01669740,17.48,5.246,8.08
482.515,37.52620549,127.01665570,17.42,5.248,8.07
483.515,37.52617292,127.01661350,17.36,5.156,8.07
484.515,37.52613893,127.01656770,17.47,5.295,8.07
485.515,37.52610405,127.01652940,17.27,5.106,8.06
486.515,37.52606482,127.01648750,17.30,5.270,8.06
487.515,37.52603106,127.01644300,17.45,5.296,8.06
488.515,37.52599773,127.01639930,17.17,5.321,8.05
489.515,37.52596270,127.01635880,17.03,5.289,8.05
490.515,37.52592602,127.01631680,16.98,5.388,8.05
491.515,37.52589233,127.01627540,16.32,5.253,8.05
492.515,37.52585579,127.01623210,16.14,5.345,8.04
493.515,37.52581985,127.01619280,15.82,5.285,8.04
494.515,37.52578420,127.01614930,15.74,5.432,8.04
495.515,37.52575070,127.01610940,15.91,5.228,8.04
496.515,37.52571715,127.01606320,16.12,5.317,8.04
497.515,37.52568215,127.01602530,15.75,5.176,8.03
498.515,37.52564801,127.01598460,15.83,5.190,8.03
499.515,37.52561520,127.01594270,15.98,5.145,8.03
500.515,37.52558143,127.01590210,16.00,5.143,8.03
501.515,37.52554160,127.01587060,15.91,5.154,8.03
502.515,37.52551418,127.01582720,16.03,4.960,8.03
503.515,37.52548128,127.01578820,15.93,4.957,8.02
504.515,37.52544916,127.01574830,16.07,4.951,8.02
505.515,37.52541774,127.01570890,16.13,4.907,8.02
506.515,37.52538639,127.01567070,16.23,4.841,8.02
507.515,37.52535438,127.01563230,16.12,4.861,8.02
508.515,37.52532269,127.01559690,16.25,4.717,8.02
509.515,37.52529148,127.01555390,16.19,4.926,8.02
510.515,37.52525919,127.01551550,16.43,4.957,8.02
511.515,37.52522811,127.01547790,16.41,4.789,8.02
512.515,37.52519536,127.01543710,16.39,4.955,8.02
513.515,37.52516434,127.01539760,16.38,4.952,8.01
514.515,37.52513485,127.01535960,16.53,4.705,8.01
515.515,37.52510427,127.01532330,16.59,4.643,8.01
516.515,37.52507331,127.01528560,16.81,4.614,8.01
517.515,37.52504344,127.01525060,16.91,4.530,8.01
518.515,37.52501803,127.01521490,17.01,4.373,8.01
519.515,37.52499010,127.01518350,17.12,4.240,8.01
520.515,37.52496187,127.01515420,17.17,4.287,8.01
521.515,37.52493919,127.01512830,17.38,3.962,8.38
522.515,37.52491042,127.01509730,17.41,4.021,8.97
523.515,37.52488444,127.01506920,17.63,3.842,9.48
524.515,37.52486073,127.01504430,17.81,3.810,10.09
525.515,37.52483892,127.01502180,17.93,3.633,10.74
526.515,37.52483268,127.01500340,18.15,2.929,10.61
527.515,37.52481504,127.01498000,18.04,3.175,10.48
528.515,37.52479515,127.01496450,18.17,2.711,10.39
529.515,37.52476841,127.01493790,18.21,2.788,10.38
530.515,37.52474806,127.01490320,18.20,2.870,10.45
531.515,37.52471902,127.01485790,17.68,3.138,10.61
532.515,37.52465739,127.01481130,17.54,3.867,10.22
533.515,37.52462441,127.01476740,17.20,4.014,9.94
534.515,37.52458424,127.01471590,16.64,4.231,9.71
535.515,37.52454124,127.01465650,15.75,4.314,9.42
536.515,37.52450552,127.01460650,15.53,4.615,9.22
537.515,37.52447333,127.01456910,15.75,4.371,9.07
538.515,37.52444456,127.01453480,15.58,4.329,8.95
539.515,37.52441639,127.01449850,15.58,4.295,8.85
540.515,37.52439071,127.01446750,15.46,3.979,8.78
541.515,37.52436726,127.01443360,15.08,3.770,9.03
542.515,37.52433500,127.01439060,14.52,3.861,8.95
543.515,37.52428564,127.01436000,14.76,4.548,8.89
544.515,37.52425025,127.01432710,14.62,4.620,8.83
545.515,37.52421426,127.01428990,14.45,4.662,8.78
546.515,37.52418932,127.01424850,14.53,4.603,8.73
547.515,37.52416314,127.01420790,15.17,4.577,8.69
548.515,37.52413196,127.01417140,15.42,4.336,8.65
549.515,37.52410501,127.01413890,15.38,4.384,8.62
550.515,37.52407611,127.01410420,15.31,4.375,8.59
551.515,37.52404646,127.01407050,15.70,4.353,8.56
552.515,37.52401588,127.01403810,15.89,4.427,8.53
553.515,37.52398757,127.01400690,16.08,4.239,8.51
554.515,37.52395751,127.01396950,16.04,4.542,8.48
555.515,37.52393055,127.01393690,15.93,4.332,8.46
556.515,37.52390099,127.01390190,15.89,4.396,8.43
557.515,37.52387133,127.01387060,15.96,4.310,8.41
558.515,37.52384120,127.01383910,15.86,4.239,8.39
559.515,37.52381344,127.01380550,15.79,4.199,8.37
560.515,37.52378446,127.01377350,15.73,4.139,8.35
561.515,37.52375812,127.01373980,15.67,4.243,8.34
562.515,37.52373104,127.01370910,15.67,4.103,8.32
563.515,37.52370428,127.01367590,15.74,4.105,8.30
564.515,37.52367699,127.01364470,15.72,4.015,8.29
565.515,37.52364684,127.01361270,15.46,4.022,8.27
566.515,37.52362041,127.01358070,15.39,4.092,8.26
567.515,37.52359522,127.01355140,15.26,3.977,8.25
568.515,37.52356569,127.01352380,15.23,4.073,8.23
569.515,37.52353786,127.01349510,15.20,4.077,8.22
570.515,37.52350949,127.01346840,14.90,3.994,8.21
571.515,37.52348499,127.01343830,14.77,3.808,8.20
572.515,37.52346088,127.01340770,14.79,3.729,8.19
573.515,37.52343532,127.01337550,14.91,3.746,8.18
574.515,37.52340785,127.01334580,14.92,3.952,8.17
575.515,37.52338116,127.01331700,14.90,3.927,8.16
576.515,37.52335375,127.01329000,14.98,3.868,8.16
577.515,37.52332790,127.01326070,15.04,3.891,8.15
578.515,37.52330215,127.01322970,15.26,3.936,8.14
579.515,37.52327633,127.01320120,15.13,3.909,8.13
580.515,37.52325115,127.01317190,15.10,3.771,8.13
581.515,37.52322519,127.01314130,15.01,3.910,8.12
582.515,37.52319967,127.01310640,15.00,4.100,8.11
583.515,37.52317472,127.01307540,15.00,3.983,8.11
584.515,37.52314700,127.01304600,14.95,3.979,8.10
585.515,37.52311781,127.01301490,14.85,4.215,8.10
586.515,37.52308878,127.01298320,14.63,4.319,8.09
587.515,37.52305944,127.01294820,14.46,4.466,8.09
588.515,37.52303033,127.01291510,14.53,4.354,8.08
589.515,37.52300008,127.01288320,14.47,4.348,8.08
590.515,37.52297047,127.01284900,14.50,4.278,8.08
591.515,37.52294222,127.01281630,14.63,4.255,8.06
592.515,37.52291690,127.01278430,14.62,4.008,8.05
593.515,37.52288694,127.01275420,14.58,4.132,8.04
594.515,37.52286422,127.01271690,14.60,4.110,8.03
595.515,37.52282745,127.01269160,14.54,4.399,8.03
596.515,37.52280022,127.01266320,14.69,4.123,8.03
597.515,37.52277393,127.01263210,14.83,4.054,8.02
598.515,37.52274893,127.01259830,14.95,4.035,8.02
599.515,37.52272285,127.01256380,14.95,4.188,8.02
600.515,37.52269578,127.01253160,15.01,4.166,8.02
601.515,37.52266785,127.01250490,15.13,3.948,8.02
602.515,37.52264191,127.01247380,15.08,3.947,8.02
603.515,37.52261745,127.01244460,15.04,3.798,8.02
604.515,37.52259078,127.01241380,15.05,4.006,8.01
605.515,37.52256328,127.01238250,15.04,4.109,8.01
606.515,37.52253524,127.01235250,15.13,4.076,8.01
607.515,37.52250546,127.01232190,14.97,4.209,8.01
608.515,37.52247816,127.01229110,15.03,4.040,8.01
609.515,37.52244962,127.01225800,14.93,4.292,8.01
610.515,37.52242120,127.01222540,14.95,4.205,8.01
611.515,37.52239476,127.01219610,14.98,3.990,8.01
612.515,37.52236633,127.01216200,14.76,4.172,8.01
613.515,37.52234263,127.01212330,14.69,4.285,8.01
614.515,37.52231428,127.01209370,14.41,4.221,8.01
615.515,37.52228332,127.01206260,14.77,4.212,8.01
616.515,37.52225455,127.01202800,14.60,4.368,8.01
617.515,37.52222639,127.01199570,14.66,4.342,8.01
618.515,37.52220008,127.01197460,14.64,3.985,8.01
619.515,37.52217544,127.01194030,14.76,4.150,8.01
620.515,37.52215368,127.01190980,14.86,3.942,8.01
621.515,37.52212470,127.01188250,14.88,4.146,8.01
622.515,37.52209707,127.01185320,14.90,4.075,8.01
623.515,37.52206916,127.01182750,14.67,3.944,8.01
624.515,37.52204252,127.01179410,14.78,3.971,8.01
625.515,37.52201721,127.01176390,14.87,3.843,8.00
626.515,37.52199224,127.01172820,15.27,3.995,8.00
627.515,37.52196510,127.01169660,15.46,4.013,8.00
628.515,37.52193958,127.01166630,15.48,3.942,8.00
629.515,37.52191215,127.01163390,15.49,4.027,8.00
630.515,37.52188340,127.01160870,15.45,3.968,8.00
631.515,37.52185725,127.01158140,15.28,3.806,8.00
632.515,37.52183154,127.01155000,15.43,3.847,8.00
633.515,37.52180560,127.01151600,15.63,4.011,8.00
634.515,37.52178145,127.01148320,15.49,3.969,8.00
635.515,37.52175729,127.01145100,15.54,3.923,8.00
636.515,37.52173031,127.01142160,15.55,3.916,8.00
637.515,37.52170481,127.01138950,15.61,3.929,8.00
638.515,37.52167736,127.01136170,15.60,3.898,8.00
639.515,37.52165659,127.01133380,15.75,3.422,8.00
640.515,37.52162599,127.01130180,15.50,3.865,8.00
641.515,37.52160015,127.01127030,15.58,4.006,8.00
642.515,37.52157405,127.01124150,15.58,3.916,8.00
643.515,37.52154767,127.01121050,15.58,4.050,8.00
644.515,37.52152240,127.01118410,15.71,3.686,8.00
645.515,37.52149576,127.01115370,15.76,3.845,8.00
646.515,37.52146948,127.01112480,15.90,3.820,8.00
647.515,37.52144430,127.01109510,15.87,3.870,8.00
648.515,37.52141659,127.01106800,16.01,3.869,8.00
649.515,37.52139009,127.01103730,16.08,3.980,8.00
650.515,37.52136370,127.01100670,16.22,4.000,8.00
651.515,37.52134014,127.01097440,16.33,4.031,8.00
652.515,37.52131593,127.01094730,16.41,3.863,8.00
653.515,37.52128951,127.01091710,16.11,4.065,8.00
654.515,37.52126253,127.01089270,15.79,3.766,8.00
655.515,37.52123642,127.01086000,15.93,3.982,8.00
656.515,37.52121093,127.01082680,16.03,3.992,8.00
657.515,37.52118351,127.01079810,16.07,3.936,8.00
658.515,37.52115677,127.01076660,15.92,4.024,8.00
659.515,37.52112890,127.01073700,15.82,4.082,8.00
660.515,37.52110221,127.01070730,15.88,3.969,8.00
661.515,37.52107624,127.01067910,15.92,3.837,8.00
662.515,37.52105132,127.01064920,16.05,3.762,8.00
663.515,37.52102722,127.01062010,16.04,3.697,8.00
664.515,37.52100208,127.01059040,16.01,3.738,8.00
665.515,37.52097608,127.01056580,16.08,3.640,8.00
666.515,37.52095198,127.01053780,16.13,3.628,8.00
667.515,37.52092804,127.01050720,16.15,3.696,8.00
668.515,37.52090537,127.01047830,16.24,3.651,8.00
669.515,37.52087844,127.01044830,16.20,3.907,8.00
670.515,37.52085131,127.01042260,16.18,3.853,8.00
671.515,37.52082589,127.01039420,16.23,3.820,8.00
672.515,37.52080225,127.01036520,16.29,3.669,8.00
673.515,37.52077638,127.01033510,16.26,3.865,8.00
674.515,37.52075145,127.01030790,16.31,3.735,8.00
675.515,37.52072538,127.01028080,16.42,3.779,8.00
676.515,37.52070160,127.01025320,16.24,3.685,8.00
677.515,37.52067751,127.01022600,16.03,3.622,8.00
678.515,37.52065155,127.01019840,16.13,3.700,8.00
679.515,37.52062880,127.01016810,16.07,3.701,8.00
680.515,37.52060655,127.01014240,15.97,3.474,8.00
681.515,37.52058015,127.01011440,16.09,3.676,8.00
682.515,37.52055438,127.01008810,16.28,3.664,8.00
683.515,37.52052723,127.01006330,16.15,3.760,8.00
684.515,37.52050328,127.01003790,16.13,3.638,8.00
685.515,37.52047964,127.01001030,16.12,3.633,8.00
686.515,37.52045904,127.00998160,16.14,3.484,8.00
687.515,37.52043352,127.00995120,16.26,3.718,8.00
688.515,37.52040778,127.00992570,16.04,3.716,8.00
689.515,37.52038425,127.00989810,16.27,3.720,8.00
690.515,37.52036182,127.00987410,16.42,3.467,8.00
691.515,37.52033975,127.00984740,16.34,3.331,8.00
692.515,37.52031721,127.00981720,16.43,3.516,8.00
693.515,37.52029515,127.00979050,16.36,3.420,8.00
694.515,37.52027071,127.00976540,16.38,3.389,8.00
695.515,37.52024804,127.00973930,16.39,3.356,8.00
696.515,37.52022412,127.00971230,16.41,3.464,8.00
697.515,37.52020098,127.00968450,16.35,3.568,8.00
698.515,37.52017783,127.00965850,16.31,3.520,8.00
699.515,37.52015514,127.00963240,16.24,3.371,8.00
700.515,37.52013129,127.00960600,16.32,3.511,8.00
701.515,37.52010969,127.00957810,16.24,3.431,8.00
702.515,37.52008619,127.00955340,16.25,3.420,8.00
703.515,37.52006298,127.00952770,16.26,3.498,8.00
704.515,37.52003981,127.00950430,16.25,3.307,8.00
705.515,37.52001706,127.00947960,16.18,3.314,8.00
706.515,37.51999488,127.00945240,16.16,3.424,8.00
707.515,37.51997144,127.00942710,16.15,3.424,8.00
708.515,37.51994735,127.00939960,16.10,3.584,8.00
709.515,37.51992293,127.00936980,16.14,3.772,8.00
710.515,37.51989929,127.00934150,16.15,3.652,8.00
711.515,37.51987389,127.00931170,16.10,3.783,8.00
712.515,37.51984777,127.00928270,16.07,3.860,8.00
713.515,37.51982157,127.00925280,16.04,3.930,8.00
714.515,37.51979308,127.00922400,16.01,4.071,8.00
715.515,37.51976726,127.00919300,16.00,4.037,8.00
716.515,37.51973993,127.00916390,15.92,3.987,8.00
717.515,37.51971265,127.00913400,15.95,4.005,8.00
718.515,37.51968583,127.00910510,16.00,3.861,8.00
719.515,37.51965993,127.00907590,15.99,3.837,8.00
720.515,37.51963437,127.00904400,16.07,3.858,8.00
721.515,37.51960801,127.00901520,16.06,3.824,8.00
722.515,37.51958224,127.00898600,16.06,3.779,8.00
723.515,37.51955559,127.00895640,16.06,3.808,8.00
724.515,37.51953068,127.00892570,16.10,3.903,8.00
725.515,37.51950534,127.00889620,16.08,3.900,8.00
726.515,37.51948188,127.00886830,16.00,3.673,8.00
727.515,37.51945852,127.00883600,16.07,3.803,8.00
728.515,37.51943432,127.00880350,16.08,3.951,8.00
729.515,37.51940626,127.00877660,16.02,4.021,8.00
730.515,37.51938018,127.00875150,16.13,3.825,8.00
731.515,37.51935279,127.00872330,16.04,3.886,8.00
732.515,37.51932613,127.00869210,15.99,3.939,8.00
733.515,37.51929905,127.00866200,15.93,4.106,8.00
734.515,37.51926709,127.00863770,16.11,4.256,8.00
735.515,37.51923377,127.00862290,16.17,4.054,8.00
736.515,37.51919692,127.00862140,16.12,4.110,8.00
737.515,37.51915916,127.00861990,16.22,4.195,8.00
738.515,37.51912024,127.00861990,16.36,4.347,8.00
739.515,37.51908285,127.00862140,16.48,4.458,8.00
740.515,37.51904698,127.00862140,16.60,4.281,8.00
741.515,37.51901037,127.00862010,16.78,4.106,8.00
742.515,37.51897000,127.00862010,16.54,4.147,8.00
743.515,37.51893162,127.00861800,16.67,4.172,8.00
744.515,37.51889865,127.00861430,16.72,3.882,8.00
745.515,37.51886300,127.00858660,17.05,4.117,8.00
746.515,37.51883033,127.00854170,15.97,4.699,8.00
747.515,37.51880726,127.00851860,16.63,4.009,8.00
748.515,37.51878024,127.00848890,16.82,4.039,8.00
749.515,37.51875279,127.00845350,16.70,4.197,8.00
750.515,37.51872735,127.00842380,16.71,4.011,8.00
751.515,37.51870090,127.00839530,16.66,3.922,8.00
752.515,37.51867432,127.00836450,16.39,3.956,8.00
753.515,37.51864661,127.00833440,16.60,4.017,8.00
754.515,37.51862099,127.00830430,16.56,3.939,8.00
755.515,37.51859283,127.00827280,16.52,4.060,8.00
756.515,37.51856472,127.00823970,16.38,4.175,8.00
757.515,37.51853503,127.00820900,16.28,4.215,8.00
758.515,37.51850724,127.00817560,16.32,4.238,8.00
759.515,37.51847930,127.00814340,16.25,4.215,8.00
760.515,37.51844984,127.00811180,15.70,4.246,8.00
761.515,37.51842183,127.00807950,15.78,4.205,8.00
762.515,37.51839347,127.00804640,15.88,4.254,8.00
763.515,37.51836622,127.00801530,15.89,4.145,8.00
764.515,37.51833985,127.00798250,15.69,4.141,8.00
765.515,37.51831281,127.00795450,15.61,3.971,8.00
766.515,37.51828449,127.00792390,15.84,4.048,8.00
767.515,37.51825903,127.00789140,16.13,4.021,8.00
768.515,37.51823168,127.00786810,16.44,3.810,8.00
769.515,37.51820765,127.00784810,16.65,3.445,8.00
770.515,37.51818115,127.00781860,16.45,3.700,8.00
771.515,37.51815843,127.00779760,16.34,3.389,8.00
772.515,37.51813158,127.00777380,16.56,3.498,8.00
773.515,37.51810836,127.00774620,16.55,3.510,8.00
774.515,37.51808696,127.00771980,16.60,3.394,8.00
775.515,37.51806405,127.00769150,16.65,3.481,8.00
776.515,37.51803987,127.00766530,16.72,3.510,8.00
777.515,37.51801215,127.00764380,16.82,3.554,8.00
778.515,37.51798392,127.00762230,16.98,3.608,8.00
779.515,37.51795030,127.00760420,16.72,3.832,8.00
780.515,37.51791438,127.00758530,16.68,4.098,8.00
781.515,37.51787144,127.00756800,15.52,4.596,8.00
782.515,37.51783678,127.00755830,16.28,4.226,8.00
783.515,37.51779527,127.00754670,16.44,4.581,8.00
784.515,37.51775467,127.00754030,16.09,4.651,8.00
785.515,37.51771304,127.00753110,16.06,4.710,8.00
786.515,37.51766924,127.00751550,15.57,4.935,8.00
787.515,37.51762769,127.00748620,15.35,5.060,8.00
788.515,37.51758651,127.00744290,15.56,5.502,8.00
789.515,37.51755836,127.00738740,15.35,5.513,8.00
790.515,37.51754371,127.00732230,15.19,5.760,8.00
791.515,37.51753337,127.00725930,15.06,5.727,8.00
792.515,37.51751928,127.00719370,14.79,5.904,8.00
793.515,37.51750242,127.00713170,14.59,5.839,8.00
794.515,37.51748077,127.00706530,14.45,6.103,8.00
795.515,37.51745452,127.00700660,14.43,5.993,8.00
796.515,37.51742887,127.00694280,14.60,6.155,8.00
797.515,37.51740283,127.00688130,14.47,6.153,8.00
798.515,37.51737163,127.00682270,14.51,6.184,8.00
799.515,37.51734108,127.00676150,14.46,6.300,8.00
800.515,37.51730727,127.00670650,14.55,6.199,8.00
801.515,37.51727144,127.00665070,14.33,6.260,8.00
802.515,37.51723811,127.00659910,14.24,6.041,8.00
803.515,37.51720576,127.00654660,14.42,5.938,8.00
804.515,37.51717146,127.00649410,14.24,5.976,8.00
805.515,37.51713486,127.00644990,14.20,5.757,8.00
806.515,37.51709832,127.00640460,14.34,5.695,8.00
807.515,37.51705983,127.00636350,14.09,5.626,8.00
808.515,37.51702237,127.00632580,14.06,5.459,8.00
809.515,37.51698523,127.00628860,13.98,5.337,8.00
810.515,37.51694802,127.00625170,13.86,5.272,8.00
811.515,37.51691053,127.00621610,13.77,5.255,8.00
812.515,37.51687593,127.00619330,14.86,4.791,8.00
813.515,37.51683358,127.00616760,14.22,4.901,8.00
814.515,37.51679798,127.00613520,14.42,4.884,8.00
815.515,37.51676020,127.00610820,14.49,4.855,8.00
816.515,37.51672448,127.00608330,14.25,4.684,8.00
817.515,37.51668668,127.00606440,14.27,4.569,8.00
818.515,37.51664831,127.00604540,14.46,4.565,8.00
819.515,37.51661109,127.00602730,14.31,4.482,8.00
820.515,37.51657718,127.00600820,14.18,4.273,8.00
821.515,37.51653971,127.00599260,14.32,4.318,8.00
822.515,37.51650673,127.00597720,14.31,4.085,8.00
823.515,37.51646914,127.00596100,13.85,4.197,8.00
824.515,37.51643424,127.00595430,14.34,4.074,8.00
825.515,37.51639536,127.00594110,14.19,4.269,8.00
826.515,37.51635610,127.00592890,14.11,4.387,8.00
827.515,37.51631265,127.00591400,13.93,4.701,8.00
828.515,37.51627749,127.00591020,13.93,4.367,8.00
829.515,37.51624137,127.00590640,14.20,4.087,8.00
830.515,37.51620200,127.00589450,14.05,4.251,8.00
831.515,37.51616556,127.00588750,14.16,4.157,8.00
832.515,37.51612696,127.00587850,14.05,4.257,8.00
833.515,37.51607861,127.00587590,14.36,4.785,8.00
834.515,37.51604970,127.00585480,14.64,4.255,8.00
835.515,37.51601203,127.00583800,14.56,4.354,8.00
836.515,37.51597495,127.00582340,14.26,4.349,8.00
837.515,37.51593648,127.00580760,13.97,4.423,8.00
838.515,37.51589867,127.00578870,13.82,4.470,8.00
839.515,37.51586103,127.00577250,13.72,4.445,8.00
840.515,37.51582444,127.00575240,13.53,4.408,8.00
841.515,37.51578987,127.00573030,13.54,4.350,8.00
842.515,37.51575507,127.00570390,13.29,4.403,8.00
843.515,37.51571997,127.00567680,13.22,4.467,8.00
844.515,37.51568835,127.00564990,12.97,4.342,8.00
845.515,37.51565538,127.00562070,13.05,4.421,8.00
846.515,37.51562176,127.00559490,13.29,4.411,8.00
847.515,37.51558833,127.00556680,13.44,4.388,8.00
848.515,37.51555824,127.00553800,13.29,4.254,8.00
849.515,37.51552671,127.00550640,12.10,4.371,8.00
850.515,37.51549975,127.00547730,12.52,4.179,8.00
851.515,37.51547205,127.00544620,12.61,4.123,8.00
852.515,37.51544617,127.00541140,13.44,4.099,8.00
853.515,37.51541804,127.00537680,13.25,4.231,8.00
854.515,37.51539289,127.00534130,13.19,4.240,8.00
855.515,37.51536482,127.00530580,13.11,4.337,8.00
856.515,37.51534250,127.00527420,12.91,3.918,8.00
857.515,37.51531578,127.00523160,13.50,4.227,8.00
858.515,37.51528716,127.00519350,13.90,4.458,8.00
859.515,37.51526850,127.00515360,13.93,4.306,8.00
860.515,37.51524709,127.00511340,14.24,4.287,8.00
861.515,37.51522773,127.00507510,13.93,4.137,8.00
862.515,37.51520571,127.00503610,14.05,4.188,8.00
863.515,37.51518964,127.00499370,13.79,4.133,8.00
864.515,37.51517157,127.00495030,14.04,4.250,8.00
865.515,37.51515247,127.00491070,13.96,4.184,8.00
866.515,37.51512851,127.00487010,13.83,4.302,8.00
867.515,37.51510755,127.00483430,14.07,4.091,8.00
868.515,37.51508665,127.00479580,14.03,4.077,8.00
869.515,37.51506262,127.00475770,13.96,4.190,8.00
870.515,37.51504015,127.00472100,14.01,4.166,8.00
871.515,37.51501468,127.00468510,14.13,4.218,8.00
872.515,37.51498982,127.00464970,14.20,4.187,8.00
873.515,37.51496455,127.00461550,14.01,4.143,8.00
874.515,37.51494023,127.00458240,14.09,4.039,8.00
875.515,37.51491372,127.00454640,14.34,4.281,8.00
876.515,37.51487844,127.00451860,16.50,4.542,8.00
877.515,37.51485307,127.00448590,16.21,4.374,8.00
878.515,37.51482963,127.00444360,15.37,4.710,8.00
879.515,37.51480490,127.00442080,15.29,4.090,8.00
880.515,37.51477429,127.00439770,14.16,4.039,8.00
881.515,37.51474673,127.00437200,13.70,3.878,8.00
882.515,37.51471704,127.00434400,13.84,3.936,8.00
883.515,37.51468368,127.00431950,13.79,3.999,8.00
884.515,37.51465539,127.00429160,14.42,3.890,8.00
885.515,37.51462441,127.00426690,14.27,3.925,8.00
886.515,37.51459196,127.00424160,14.18,4.175,8.00
887.515,37.51456200,127.00421220,13.96,4.238,8.00
888.515,37.51453484,127.00418280,13.66,4.232,8.00
889.515,37.51450480,127.00415720,13.94,4.129,8.00
890.515,37.51447584,127.00412560,13.73,4.418,8.00
891.515,37.51445010,127.00409920,13.32,3.994,8.00
892.515,37.51442416,127.00406900,13.14,3.946,8.00
893.515,37.51439704,127.00403610,12.70,4.052,8.00
894.515,37.51437253,127.00400030,12.46,4.135,8.00
895.515,37.51435015,127.00396390,12.63,3.933,8.00
896.515,37.51432505,127.00392700,12.51,4.167,8.00
897.515,37.51430268,127.00389280,12.51,3.912,8.00
898.515,37.51428118,127.00385870,12.56,3.857,8.00
899.515,37.51425855,127.00382370,12.60,3.952,8.00
900.515,37.51423684,127.00379040,12.67,3.948,8.00
901.515,37.51421429,127.00375870,12.57,3.888,8.00
902.515,37.51419504,127.00372660,12.73,3.581,8.00
903.515,37.51417815,127.00368810,12.65,3.754,8.00
904.515,37.51416055,127.00364950,12.67,3.877,8.00
905.515,37.51414447,127.00361320,12.86,3.643,8.00
906.515,37.51412740,127.00357550,12.83,3.730,8.00
907.515,37.51411204,127.00353900,12.90,3.654,8.00
908.515,37.51409537,127.00350350,12.76,3.684,8.00
909.515,37.51408213,127.00346810,12.64,3.539,8.00
910.515,37.51406947,127.00342770,12.46,3.793,8.00
911.515,37.51405904,127.00338860,12.47,3.676,8.00
912.515,37.51404443,127.00335340,12.50,3.537,8.00
913.515,37.51403098,127.00331870,12.50,3.446,8.00
914.515,37.51401859,127.00328440,12.55,3.317,8.00
915.515,37.51400495,127.00324780,12.25,3.640,8.00
916.515,37.51398952,127.00321480,12.15,3.627,8.00
917.515,37.51397626,127.00318450,12.01,3.496,8.00
918.515,37.51396004,127.00315080,11.95,3.533,8.00
919.515,37.51394697,127.00311540,11.95,3.558,8.00
920.515,37.51393104,127.00308250,12.00,3.474,8.00
921.515,37.51391324,127.00304820,11.98,3.622,8.00
922.515,37.51389662,127.00301650,11.97,3.575,8.00
923.515,37.51387796,127.00298490,11.86,3.552,8.00
924.515,37.51386013,127.00295300,11.82,3.586,8.00
925.515,37.51384265,127.00292150,11.78,3.464,8.00
926.515,37.51382642,127.00288680,11.62,3.567,8.00
927.515,37.51380797,127.00285100,11.57,3.647,8.00
928.515,37.51378906,127.00281520,11.38,3.793,8.00
929.515,37.51377026,127.00278090,11.38,3.782,8.00
930.515,37.51375007,127.00275540,11.29,3.603,8.00
931.515,37.51372708,127.00272240,11.17,3.753,8.00
932.515,37.51370385,127.00269920,11.20,3.754,8.00
933.515,37.51368020,127.00266960,10.98,3.901,8.00
934.515,37.51365085,127.00263430,10.94,4.024,8.00
935.515,37.51361203,127.00259600,11.98,4.419,8.00
936.515,37.51358006,127.00255240,13.42,4.896,8.00
937.515,37.51354637,127.00251760,13.74,4.841,8.00
938.515,37.51351141,127.00247870,14.03,5.194,8.00
939.515,37.51347567,127.00244420,14.10,5.284,8.00
940.515,37.51344012,127.00240590,14.35,5.462,8.00
941.515,37.51340883,127.00237260,14.03,5.583,8.00
942.515,37.51337097,127.00234340,13.66,5.423,8.00
943.515,37.51333058,127.00231550,13.47,5.380,8.00
944.515,37.51329339,127.00229870,14.03,5.041,8.00
945.515,37.51325741,127.00228160,14.30,4.640,8.00
946.515,37.51322310,127.00225970,14.33,4.374,8.00
947.515,37.51318214,127.00223020,14.23,4.645,8.00
948.515,37.51313617,127.00220620,14.59,5.127,8.00
949.515,37.51309615,127.00217950,14.60,5.183,8.00
950.515,37.51306362,127.00215620,14.90,4.771,8.00
951.515,37.51301880,127.00213350,14.64,5.022,8.00
952.515,37.51297446,127.00211100,14.39,5.171,8.00
953.515,37.51293064,127.00209500,14.22,5.140,8.00
954.515,37.51288677,127.00207210,14.26,5.178,8.00
955.515,37.51283982,127.00204930,14.16,5.401,8.00
956.515,37.51279950,127.00203240,13.79,4.991,8.00
957.515,37.51276641,127.00201340,13.82,4.374,8.00
958.515,37.51274573,127.00201320,13.76,3.261,8.00
959.515,37.51273242,127.00201320,13.73,2.238,8.00
960.515,37.51272601,127.00201320,13.76,1.638,8.00
961.515,37.51272601,127.00203360,13.88,1.067,8.00
962.515,37.51272601,127.00205250,13.72,1.113,8.00
963.515,37.51273451,127.00206070,13.63,0.896,8.00
964.515,37.51274170,127.00206210,13.88,0.656,8.00
965.515,37.51274902,127.00206570,14.12,0.738,8.00
966.515,37.51275207,127.00207610,13.87,0.983,8.00
967.515,37.51275562,127.00207780,14.01,0.363,8.00
968.515,37.51275668,127.00207820,13.97,0.724,8.00
969.515,37.51275728,127.00207820,13.83,0.062,8.00
970.515,37.51275728,127.00207820,13.77,0.069,8.00
971.515,37.51275728,127.00207820,13.71,0.050,8.00
972.515,37.51275747,127.00207820,13.65,0.070,8.00
973.515,37.51275728,127.00207920,13.76,0.213,8.00
974.515,37.51275660,127.00207930,13.74,0.052,8.00
975.515,37.51275660,127.00207940,13.73,0.044,8.00
976.515,37.51275608,127.00207930,13.66,0.058,8.00
977.515,37.51275608,127.00207930,13.67,0.025,8.00
978.515,37.51275608,127.00207940,13.57,0.062,8.00
979.515,37.51275550,127.00207940,13.60,0.057,8.00
980.515,37.51275530,127.00207870,13.56,0.081,8.00
981.515,37.51275303,127.00207880,13.60,0.095,8.00
982.515,37.51275005,127.00207880,13.59,0.034,8.00
983.515,37.51274998,127.00207870,13.54,0.031,8.00
984.515,37.51274800,127.00207790,13.65,0.015,8.00
985.515,37.51274349,127.00207630,13.59,0.020,8.00
986.515,37.51274179,127.00207480,13.47,0.000,8.00
987.515,37.51274179,127.00207480,13.47,0.000,8.00
988.515,37.51274135,127.00207480,13.48,0.020,8.00
989.515,37.51274098,127.00207560,13.43,0.042,8.00
990.515,37.51274075,127.00207600,13.37,0.019,8.00
991.515,37.51274069,127.00207600,13.26,0.008,8.00
992.515,37.51274061,127.00207610,13.16,0.020,8.00
993.515,37.51274061,127.00207610,13.15,0.000,8.00
994.515,37.51274061,127.00207610,13.15,0.000,8.00
995.515,37.51274061,127.00207610,13.15,0.000,8.00
996.515,37.51274061,127.00207610,13.15,0.000,8.00
997.515,37.51274061,127.00207610,13.15,0.000,8.00
998.515,37.51274061,127.00207610,13.15,0.000,8.00
999.515,37.51274023,127.00207510,12.69,0.010,8.00
1000.515,37.51273989,127.00207500,12.67,0.010,8.00
1001.515,37.51273977,127.00207490,12.63,0.000,8.00
1002.515,37.51273977,127.00207490,12.63,0.000,8.00
1003.515,37.51273977,127.00207490,12.63,0.000,8.00
1004.515,37.51273977,127.00207490,12.63,0.000,8.00
1005.515,37.51273977,127.00207520,12.49,0.000,8.00
1006.515,37.51274049,127.00207530,12.43,0.062,8.00
1007.515,37.51274049,127.00207530,12.58,0.018,8.00
1008.515,37.51274049,127.00207530,12.72,0.021,8.00
1009.515,37.51274049,127.00207530,12.82,0.009,8.00
1010.515,37.51274071,127.00207530,12.96,0.016,8.00
1011.515,37.51274071,127.00207520,13.07,0.009,8.00
1012.515,37.51274073,127.00207520,13.12,0.019,8.00
1013.515,37.51274075,127.00207520,13.14,0.005,8.00
1014.515,37.51274079,127.00207520,13.14,0.000,8.00
1015.515,37.51274079,127.00207520,13.14,0.000,8.00
1016.515,37.51274079,127.00207520,13.14,0.000,8.00
1017.515,37.51274079,127.00207470,13.28,0.000,8.00
1018.515,37.51274079,127.00207470,13.21,0.006,8.00
1019.515,37.51274089,127.00207470,13.28,0.007,8.00
1020.515,37.51274074,127.00207460,13.40,0.016,8.00
1021.515,37.51274074,127.00207460,13.39,0.011,8.00
1022.515,37.51274048,127.00207440,13.42,0.016,8.00
1023.515,37.51274042,127.00207430,13.46,0.009,8.00
1024.515,37.51274034,127.00207430,13.54,0.003,8.00
1025.515,37.51274034,127.00207440,13.57,0.004,8.00
1026.515,37.51274033,127.00207440,13.60,0.010,8.00
1027.515,37.51274033,127.00207450,13.59,0.031,8.00
1028.515,37.51274036,127.00207450,13.60,0.024,8.00
1029.515,37.51274036,127.00207450,13.62,0.021,8.00
1030.515,37.51274036,127.00207440,13.63,0.011,8.00
1031.515,37.51274036,127.00207420,13.60,0.011,8.00
1032.515,37.51274044,127.00207410,13.59,0.012,8.00
1033.515,37.51274044,127.00207400,13.56,0.005,8.00
1034.515,37.51274044,127.00207390,13.53,0.012,8.00
1035.515,37.51274035,127.00207390,13.54,0.016,8.00
1036.515,37.51274035,127.00207390,13.48,0.007,8.00
1037.515,37.51274035,127.00207380,13.40,0.011,8.00
1038.515,37.51274035,127.00207380,13.40,0.016,8.00
1039.515,37.51274035,127.00207390,13.37,0.013,8.00
1040.515,37.51274041,127.00207390,13.37,0.035,8.00
1041.515,37.51274011,127.00207380,13.36,0.017,8.00
1042.515,37.51274009,127.00207380,13.31,0.045,8.00
1043.515,37.51274009,127.00207370,13.24,0.011,8.00
1044.515,37.51274010,127.00207360,13.15,0.019,8.00
1045.515,37.51274009,127.00207340,13.10,0.011,8.00
1046.515,37.51274009,127.00207340,13.03,0.018,8.00
1047.515,37.51273985,127.00207340,13.03,0.012,8.00
1048.515,37.51273978,127.00207340,13.02,0.000,8.00
1049.515,37.51273978,127.00207340,13.02,0.000,8.00
1050.515,37.51273930,127.00207340,13.00,0.006,8.00
1051.515,37.51273917,127.00207310,12.96,0.019,8.00
1052.515,37.51273917,127.00207310,12.97,0.019,8.00
1053.515,37.51273917,127.00207290,12.91,0.011,8.00
1054.515,37.51273921,127.00207280,12.90,0.031,8.00
1055.515,37.51273931,127.00207280,12.88,0.084,8.00
1056.515,37.51273931,127.00207230,12.89,0.032,8.00
1057.515,37.51273934,127.00207170,12.93,0.006,8.00
1058.515,37.51273934,127.00207160,12.94,0.008,8.00
1059.515,37.51273937,127.00207130,13.02,0.010,8.00
1060.515,37.51273937,127.00207130,13.08,0.010,8.00
1061.515,37.51273969,127.00207130,13.17,0.034,8.00
1062.515,37.51274047,127.00207130,13.25,0.074,8.00
1063.515,37.51274069,127.00207130,13.32,0.037,8.00
1064.515,37.51274069,127.00207260,13.35,0.093,8.00
1065.515,37.51274047,127.00207260,13.25,0.087,8.00
1066.515,37.51274044,127.00207260,13.29,0.022,8.00
1067.515,37.51274044,127.00207230,13.28,0.005,8.00
1068.515,37.51274044,127.00207220,13.21,0.008,8.00
1069.515,37.51274057,127.00207200,13.20,0.021,8.00
1070.515,37.51274071,127.00207200,13.19,0.038,8.00
1071.515,37.51274071,127.00207150,13.18,0.042,8.00
1072.515,37.51274100,127.00207150,13.15,0.025,8.00
1073.515,37.51274100,127.00207230,13.06,0.017,8.00
1074.515,37.51274094,127.00207250,13.00,0.076,8.00
1075.515,37.51274094,127.00207260,13.14,0.012,8.00
1076.515,37.51274102,127.00207260,13.15,0.046,8.00
1077.515,37.51274102,127.00207300,13.18,0.045,8.00
1078.515,37.51274117,127.00207300,13.12,0.034,8.00
1079.515,37.51274154,127.00207280,13.11,0.037,8.00
1080.515,37.51274182,127.00207250,13.15,0.067,8.00
1081.515,37.51274196,127.00207280,13.10,0.018,8.00
1082.515,37.51274239,127.00207270,13.05,0.158,8.00
1083.515,37.51274267,127.00207270,12.98,0.093,8.00
1084.515,37.51274267,127.00207280,12.99,0.031,8.00
1085.515,37.51274267,127.00207280,13.04,0.034,8.00
1086.515,37.51274271,127.00207290,13.11,0.022,8.00
1087.515,37.51274287,127.00207290,13.16,0.069,8.00
1088.515,37.51274295,127.00207290,13.17,0.035,8.00
1089.515,37.51274336,127.00207280,13.14,0.045,8.00
1090.515,37.51274318,127.00207280,13.15,0.057,8.00
1091.515,37.51274326,127.00207280,13.16,0.014,8.00
1092.515,37.51274336,127.00207310,13.13,0.014,8.00
1093.515,37.51274326,127.00207570,13.15,0.217,8.00
1094.515,37.51274318,127.00208420,13.21,0.596,8.00
1095.515,37.51273774,127.00209110,13.13,0.393,8.00
1096.515,37.51272457,127.00209850,12.94,0.446,8.00
1097.515,37.51272340,127.00209870,12.89,0.165,8.00
1098.515,37.51271527,127.00209870,13.04,0.340,8.00
1099.515,37.51270099,127.00209850,12.99,0.323,8.00
1100.515,37.51268405,127.00209690,13.14,0.487,8.00
1101.515,37.51266485,127.00208980,13.17,0.439,8.00
1102.515,37.51264600,127.00208190,13.09,0.393,8.00
1103.515,37.51262745,127.00207250,13.04,0.376,8.00
1104.515,37.51260819,127.00206400,13.05,0.434,8.00
1105.515,37.51258845,127.00205280,13.09,0.428,8.00
1106.515,37.51256812,127.00204140,13.12,0.539,8.00
1107.515,37.51254730,127.00202770,13.14,0.480,8.00
1108.515,37.51252818,127.00201160,13.15,0.553,8.00
1109.515,37.51250762,127.00199820,13.19,0.475,8.00
1110.515,37.51248769,127.00198400,13.25,0.500,8.00
1111.515,37.51246726,127.00196870,13.14,0.519,8.00
1112.515,37.51244799,127.00195050,12.97,0.445,8.00
1113.515,37.51242702,127.00193160,13.12,0.525,8.00
1114.515,37.51240719,127.00191260,13.11,0.490,8.00
1115.515,37.51238950,127.00189100,13.09,0.552,8.00
1116.515,37.51237724,127.00186420,13.10,0.599,8.00
1117.515,37.51236687,127.00183470,13.01,0.623,8.00
1118.515,37.51235679,127.00180740,12.96,0.596,8.00
1119.515,37.51234461,127.00177850,12.91,0.589,8.00
1120.515,37.51232996,127.00175250,12.97,0.569,8.00
1121.515,37.51231710,127.00173150,12.98,0.595,8.00
1122.515,37.51230151,127.00170510,12.89,0.506,8.00
1123.515,37.51228903,127.00168150,12.81,0.488,8.00
1124.515,37.51227579,127.00165630,12.74,0.529,8.00
1125.515,37.51226413,127.00163150,12.65,0.549,8.00
1126.515,37.51225893,127.00160090,12.49,0.676,8.00
1127.515,37.51225893,127.00156930,12.43,0.750,8.00
1128.515,37.51225893,127.00153970,12.15,0.891,8.00
1129.515,37.51225769,127.00151130,12.36,1.159,8.00
1130.515,37.51225769,127.00147790,12.53,0.795,8.00
1131.515,37.51225769,127.00144940,12.45,0.303,8.00
1132.515,37.51224459,127.00141990,12.66,0.303,8.00
1133.515,37.51222761,127.00137200,12.00,1.738,8.00
1134.515,37.51220017,127.00132270,12.03,3.581,8.00
1135.515,37.51218052,127.00128470,12.23,3.751,8.00
1136.515,37.51216464,127.00124840,12.17,3.697,8.00
1137.515,37.51215157,127.00121070,12.27,3.666,8.00
1138.515,37.51213789,127.00117220,12.46,3.708,8.00
1139.515,37.51212349,127.00113340,12.36,3.741,8.00
1140.515,37.51211073,127.00109500,12.49,3.693,8.00
1141.515,37.51209726,127.00105820,12.38,3.604,8.00
1142.515,37.51208585,127.00101860,12.39,3.668,8.00
1143.515,37.51207881,127.00097460,12.72,3.829,8.00
1144.515,37.51207008,127.00093840,12.74,3.607,8.00
1145.515,37.51206072,127.00089930,12.49,3.602,8.00
1146.515,37.51205204,127.00085820,11.80,3.673,8.00
1147.515,37.51204192,127.00081690,11.92,3.754,8.00
1148.515,37.51203530,127.00077830,12.11,3.601,8.00
1149.515,37.51202615,127.00074030,11.83,3.526,8.00
1150.515,37.51201816,127.00070240,11.39,3.511,8.00
1151.515,37.51200861,127.00066300,11.54,3.596,8.00
1152.515,37.51199942,127.00062390,11.49,3.605,8.00
1153.515,37.51198862,127.00058510,11.72,3.627,8.00
1154.515,37.51197790,127.00054690,11.65,3.613,8.00
1155.515,37.51196668,127.00050820,11.50,3.612,8.00
1156.515,37.51195581,127.00047170,11.67,3.466,8.00
1157.515,37.51194153,127.00043320,11.70,3.593,8.00
1158.515,37.51192706,127.00039600,11.66,3.679,8.00
1159.515,37.51191204,127.00036120,11.77,3.619,8.00
1160.515,37.51189651,127.00032620,11.77,3.686,8.00
1161.515,37.51188295,127.00028770,11.92,3.841,8.00
1162.515,37.51186572,127.00024700,11.95,4.040,8.00
1163.515,37.51184684,127.00021450,11.91,3.653,8.00
1164.515,37.51183335,127.00017790,12.05,3.727,8.00
1165.515,37.51181931,127.00013940,12.09,3.758,8.00
1166.515,37.51180353,127.00009600,12.03,3.816,8.00
1167.515,37.51178633,127.00005800,12.08,3.783,8.00
1168.515,37.51176878,127.00002140,12.09,3.704,8.00
1169.515,37.51174888,126.99998880,12.03,3.713,8.00
1170.515,37.51172563,126.99995310,12.08,3.720,8.00
1171.515,37.51170808,126.99992110,12.12,3.724,8.00
1172.515,37.51168930,126.99988680,12.07,3.663,8.00
1173.515,37.51167041,126.99985010,12.00,3.695,8.00
1174.515,37.51165267,126.99981330,12.13,3.697,8.00
1175.515,37.51163426,126.99977800,12.15,3.712,8.00
1176.515,37.51161469,126.99974380,12.14,3.757,8.00
1177.515,37.51159177,126.99971180,12.11,3.788,8.00
1178.515,37.51157055,126.99967930,12.03,3.748,8.00
1179.515,37.51154901,126.99964790,12.02,3.758,8.00
1180.515,37.51152829,126.99961470,11.93,3.735,8.00
1181.515,37.51150498,126.99958340,12.03,3.744,8.00
1182.515,37.51148237,126.99955570,12.14,3.707,8.00
1183.515,37.51145924,126.99952750,12.26,3.704,8.00
1184.515,37.51143430,126.99949860,12.22,3.694,8.00
1185.515,37.51140964,126.99946530,12.30,3.872,8.00
1186.515,37.51138368,126.99943210,12.33,4.109,8.00
1187.515,37.51135522,126.99939860,12.31,4.279,8.00
1188.515,37.51132396,126.99936420,12.28,4.538,8.00
1189.515,37.51129665,126.99932900,12.45,4.418,8.00
1190.515,37.51126552,126.99929020,12.66,4.756,8.00
1191.515,37.51123751,126.99925300,12.61,4.594,8.00
1192.515,37.51121055,126.99921540,12.42,4.469,8.00
1193.515,37.51118832,126.99917450,12.36,4.360,8.00
1194.515,37.51116521,126.99913360,12.47,4.393,8.00
1195.515,37.51114392,126.99909220,12.15,4.409,8.00
1196.515,37.51112301,126.99904810,12.52,4.447,8.00
1197.515,37.51110131,126.99900530,12.42,4.444,8.00
1198.515,37.51108386,126.99895900,12.50,4.495,8.00
1199.515,37.51106202,126.99892010,12.34,4.275,8.00
1200.515,37.51104254,126.99887890,12.43,4.247,8.00
1201.515,37.51102395,126.99883270,12.49,4.484,8.00
1202.515,37.51101201,126.99879440,12.30,3.867,8.00
1203.515,37.51099772,126.99874810,12.33,4.125,8.00
1204.515,37.51098840,126.99870720,12.46,3.876,8.00
1205.515,37.51097697,126.99866970,12.48,3.576,8.00
1206.515,37.51097353,126.99861830,12.44,4.236,8.00
1207.515,37.51096699,126.99857080,12.30,4.245,8.00
1208.515,37.51095313,126.99853980,12.33,3.673,8.00
1209.515,37.51094780,126.99850320,12.28,3.442,8.00
1210.515,37.51094722,126.99846300,12.30,3.488,8.00
1211.515,37.51094423,126.99842820,12.48,3.199,8.00
1212.515,37.51094295,126.99838590,11.80,3.471,8.03
1213.515,37.51094257,126.99834270,11.74,3.717,8.02
1214.515,37.51093069,126.99830250,11.67,3.749,8.02
1215.515,37.51091277,126.99826300,11.45,3.836,8.02
1216.515,37.51089712,126.99822550,11.86,3.690,8.02
1217.515,37.51088346,126.99819080,11.64,3.463,8.40
1218.515,37.51086095,126.99815770,11.50,3.519,8.65
1219.515,37.51085832,126.99812000,11.37,3.111,8.62
1220.515,37.51083394,126.99810840,11.83,2.988,8.59
1221.515,37.51080836,126.99808220,11.59,3.340,8.56
1222.515,37.51077398,126.99805130,11.35,3.905,8.53
1223.515,37.51074250,126.99802260,11.25,3.899,8.50
1224.515,37.51071418,126.99800050,11.27,3.799,8.48
1225.515,37.51069359,126.99796420,11.50,3.821,8.45
1226.515,37.51067264,126.99793450,11.64,3.767,8.43
1227.515,37.51065181,126.99790280,11.79,3.654,8.41
1228.515,37.51063075,126.99786720,11.82,3.732,8.39
1229.515,37.51061048,126.99783370,11.77,3.700,8.37
1230.515,37.51059148,126.99780020,11.93,3.736,8.35
1231.515,37.51057393,126.99776330,11.90,3.712,8.33
1232.515,37.51055557,126.99772530,11.87,3.796,8.32
1233.515,37.51053701,126.99768750,12.01,3.863,8.30
1234.515,37.51051934,126.99765460,11.86,3.632,8.29
1235.515,37.51050430,126.99761160,11.93,3.842,8.27
1236.515,37.51048864,126.99757260,12.48,3.832,8.26
1237.515,37.51047395,126.99753070,12.24,3.868,8.25
1238.515,37.51046064,126.99749330,12.47,3.691,8.23
1239.515,37.51045214,126.99745000,12.53,3.769,8.22
1240.515,37.51044467,126.99740760,12.68,3.813,8.21
1241.515,37.51043886,126.99736510,12.80,3.813,8.20
1242.515,37.51043226,126.99732260,12.68,3.806,8.19
1243.515,37.51042938,126.99727840,12.65,3.843,8.18
1244.515,37.51042878,126.99723820,12.83,3.672,8.17
1245.515,37.51042707,126.99719430,12.76,3.799,8.16
1246.515,37.51042707,126.99715300,12.87,3.754,8.15
1247.515,37.51042707,126.99711230,13.09,3.657,8.15
1248.515,37.51042876,126.99707030,13.41,3.696,8.14
1249.515,37.51043551,126.99703220,12.24,3.579,8.13
1250.515,37.51043562,126.99698960,12.82,3.633,8.13
1251.515,37.51044231,126.99694830,13.00,3.687,8.12
1252.515,37.51044820,126.99690700,12.62,3.742,8.11
1253.515,37.51045405,126.99687010,12.87,3.504,8.11
1254.515,37.51046122,126.99682710,12.71,3.712,8.10
1255.515,37.51046629,126.99679370,13.27,3.287,8.10
1256.515,37.51047496,126.99674190,13.31,3.946,8.09
1257.515,37.51047804,126.99670250,13.55,3.687,8.09
1258.515,37.51048062,126.99666240,13.36,3.605,8.08
1259.515,37.51048240,126.99662050,13.10,3.663,8.08
1260.515,37.51048348,126.99657840,13.05,3.708,8.08
1261.515,37.51048444,126.99654000,13.03,3.544,8.07
1262.515,37.51048528,126.99649970,13.08,3.548,8.07
1263.515,37.51048528,126.99645910,13.06,3.549,8.06
1264.515,37.51048528,126.99641880,13.01,3.532,8.06
1265.515,37.51048292,126.99638030,12.80,3.466,8.06
1266.515,37.51048048,126.99634010,12.67,3.514,8.06
1267.515,37.51047582,126.99629940,12.63,3.585,8.05
1268.515,37.51046759,126.99626040,12.52,3.562,8.05
1269.515,37.51046086,126.99622340,12.49,3.412,8.05
1270.515,37.51045802,126.99618250,12.65,3.544,8.05
1271.515,37.51044654,126.99614350,12.64,3.698,8.04
1272.515,37.51044002,126.99611150,12.48,3.170,8.04
1273.515,37.51043167,126.99606800,12.29,3.607,8.04
1274.515,37.51042010,126.99603120,12.42,3.566,8.04
1275.515,37.51040809,126.99599440,12.38,3.559,8.04
1276.515,37.51039723,126.99595770,12.59,3.528,8.03
1277.515,37.51038584,126.99592330,12.62,3.414,8.03
1278.515,37.51037187,126.99588910,12.54,3.408,8.03
1279.515,37.51035772,126.99585390,12.51,3.468,8.03
1280.515,37.51034314,126.99581840,12.63,3.511,8.03
1281.515,37.51032651,126.99578690,12.74,3.407,8.03
1282.515,37.51030813,126.99575390,12.48,3.496,8.02
1283.515,37.51029060,126.99572240,12.52,3.439,8.02
1284.515,37.51027327,126.99569170,12.57,3.356,8.02
1285.515,37.51025739,126.99566210,12.59,3.232,8.02
1286.515,37.51023903,126.99563190,11.99,3.244,8.02
1287.515,37.51021599,126.99560120,12.11,3.471,8.02
1288.515,37.51019220,126.99556180,12.05,3.927,8.02
1289.515,37.51017041,126.99553780,11.85,3.679,8.02
1290.515,37.51015058,126.99550700,11.86,3.552,8.02
1291.515,37.51013049,126.99548110,11.58,3.348,8.02
1292.515,37.51010787,126.99545530,11.56,3.327,8.01
1293.515,37.51009387,126.99543790,12.08,2.783,8.01
1294.515,37.51007151,126.99541460,12.17,2.955,8.01
1295.515,37.51005100,126.99539610,11.59,2.955,8.01
1296.515,37.51003969,126.99537850,12.01,2.463,8.01
1297.515,37.51001668,126.99536390,11.89,2.599,8.01
1298.515,37.50998646,126.99533960,11.23,3.202,8.01
1299.515,37.50996302,126.99532340,11.60,3.157,8.01
1300.515,37.50993775,126.99530360,11.32,3.150,8.01
1301.515,37.50991168,126.99528700,11.24,3.164,8.01
1302.515,37.50988436,126.99527080,11.96,3.291,8.01
1303.515,37.50985817,126.99525230,12.05,3.320,8.01
1304.515,37.50982780,126.99523720,11.94,3.460,8.01
1305.515,37.50980286,126.99522020,11.88,3.323,8.01
1306.515,37.50978342,126.99521830,11.10,2.650,8.01
1307.515,37.50975948,126.99520630,11.09,2.761,8.01
1308.515,37.50973080,126.99518740,12.59,3.211,8.01
1309.515,37.50969700,126.99517100,11.66,3.735,8.01
1310.515,37.50967521,126.99514620,12.44,3.533,8.01
1311.515,37.50965639,126.99514190,12.42,2.876,8.01
1312.515,37.50962885,126.99513260,12.61,2.908,8.01
1313.515,37.50959604,126.99513180,12.53,3.346,8.00
1314.515,37.50957259,126.99512790,12.92,2.962,8.00
1315.515,37.50954946,126.99512550,12.52,2.503,8.00
1316.515,37.50951649,126.99511230,13.55,3.215,8.00
1317.515,37.50949109,126.99511070,12.60,2.790,8.00
1318.515,37.50945914,126.99510140,12.33,3.097,8.00
1319.515,37.50943273,126.99509730,12.17,2.956,8.00
1320.515,37.50941049,126.99508720,12.24,2.708,8.00
1321.515,37.50937910,126.99506960,12.25,3.050,8.00
1322.515,37.50935546,126.99505510,12.29,2.992,8.00
1323.515,37.50932943,126.99504210,12.36,3.080,8.00
1324.515,37.50930416,126.99502790,12.92,3.131,8.00
1325.515,37.50927812,126.99501010,13.09,3.178,8.00
1326.515,37.50927086,126.99500730,12.36,1.993,8.00
1327.515,37.50925451,126.99500560,11.79,1.802,8.00
1328.515,37.50923074,126.99498110,12.05,2.432,8.00
1329.515,37.50920375,126.99495690,12.16,3.064,8.00
1330.515,37.50918249,126.99492860,12.40,3.318,8.00
1331.515,37.50916395,126.99490350,12.65,3.200,8.00
1332.515,37.50914111,126.99487740,12.48,3.156,8.00
1333.515,37.50911899,126.99485210,12.36,3.166,8.00
1334.515,37.50909885,126.99482510,12.35,3.180,8.00
1335.515,37.50907911,126.99479520,12.56,3.287,8.00
1336.515,37.50905954,126.99477010,12.74,3.066,8.00
1337.515,37.50903948,126.99474120,12.70,3.213,8.00
1338.515,37.50901854,126.99471210,12.60,3.516,8.00
1339.515,37.50900729,126.99469110,11.68,2.866,8.00
1340.515,37.50899418,126.99465890,12.59,2.753,8.00
1341.515,37.50897877,126.99462560,12.75,2.776,8.00
1342.515,37.50896357,126.99459220,12.83,3.113,8.00
1343.515,37.50895047,126.99455880,12.83,3.184,8.00
1344.515,37.50893808,126.99452600,12.86,3.162,8.00
1345.515,37.50892681,126.99449300,13.33,3.157,8.00
1346.515,37.50891402,126.99445840,13.27,3.245,8.00
1347.515,37.50890278,126.99442450,13.41,3.237,8.00
1348.515,37.50889402,126.99439040,13.22,3.184,8.00
1349.515,37.50888590,126.99435310,13.27,3.306,8.00
1350.515,37.50887895,126.99431770,13.22,3.271,8.00
1351.515,37.50887277,126.99427970,13.27,3.355,8.00
1352.515,37.50886660,126.99424440,13.37,3.214,8.00
1353.515,37.50886102,126.99420480,13.52,3.346,8.00
1354.515,37.50885892,126.99416660,13.23,3.345,8.00
1355.515,37.50885567,126.99413210,13.48,3.177,8.00
1356.515,37.50885565,126.99408970,13.71,3.464,8.00
1357.515,37.50885565,126.99405240,13.63,3.365,8.00
1358.515,37.50885565,126.99401500,13.71,3.316,8.00
1359.515,37.50885656,126.99397660,13.59,3.347,8.00
1360.515,37.50885883,126.99393810,13.43,3.371,8.00
1361.515,37.50886114,126.99389860,13.27,3.427,8.00
1362.515,37.50886654,126.99386490,13.06,3.184,8.00
1363.515,37.50887373,126.99382400,11.09,3.410,8.00
1364.515,37.50888108,126.99379610,11.94,2.971,8.00
1365.515,37.50888774,126.99375220,12.56,3.427,8.00
1366.515,37.50889481,126.99370980,12.47,3.681,8.00
1367.515,37.50889687,126.99366160,12.42,3.961,8.00
1368.515,37.50889837,126.99362190,12.32,3.763,8.00
1369.515,37.50889895,126.99358170,12.15,3.620,8.00
1370.515,37.50889895,126.99354030,12.24,3.651,8.00
1371.515,37.50889895,126.99349330,11.96,3.908,8.00
1372.515,37.50889486,126.99344800,11.95,3.980,8.00
1373.515,37.50889090,126.99340480,12.18,3.879,8.00
1374.515,37.50888705,126.99335900,12.32,3.951,8.00
1375.515,37.50888204,126.99331420,12.49,3.988,8.00
1376.515,37.50887480,126.99327180,12.30,3.893,8.00
1377.515,37.50886223,126.99322810,12.16,3.962,8.00
1378.515,37.50884896,126.99318570,12.17,3.979,8.00
1379.515,37.50883650,126.99314460,12.22,3.914,8.00
1380.515,37.50881839,126.99310890,11.94,3.772,8.00
1381.515,37.50880406,126.99307130,11.93,3.700,8.00
1382.515,37.50878546,126.99303560,12.04,3.733,8.00
1383.515,37.50876418,126.99300080,12.21,3.804,8.00
1384.515,37.50873916,126.99297390,12.20,3.705,8.00
1385.515,37.50871591,126.99293900,12.68,3.876,8.00
1386.515,37.50869955,126.99290000,12.53,3.895,8.00
1387.515,37.50868169,126.99286070,11.57,3.942,8.00
1388.515,37.50865853,126.99283430,11.74,3.638,8.00
1389.515,37.50862834,126.99280380,12.12,3.937,8.00
1390.515,37.50860067,126.99277940,12.40,3.817,8.00
1391.515,37.50857500,126.99275180,12.41,3.799,8.00
1392.515,37.50854928,126.99272110,12.59,3.880,8.00
1393.515,37.50852108,126.99269420,12.64,3.910,8.00
1394.515,37.50849482,126.99267070,12.54,3.718,8.00
1395.515,37.50846930,126.99264810,12.24,3.565,8.00
1396.514,37.50843732,126.99261580,12.29,3.982,8.00
1397.514,37.50841058,126.99258700,12.02,3.974,8.00
1398.514,37.50838660,126.99256250,11.94,3.762,8.00
1399.514,37.50835575,126.99253620,12.01,4.002,8.00
1400.514,37.50832796,126.99250990,12.05,3.847,8.00
1401.514,37.50829837,126.99248450,12.11,3.880,8.00
1402.514,37.50826678,126.99245680,11.76,4.095,8.00
1403.514,37.50823883,126.99243690,11.70,3.823,8.00
1404.514,37.50820862,126.99241700,11.83,3.796,8.00
1405.514,37.50817749,126.99239510,11.67,3.880,8.00
1406.514,37.50814949,126.99237410,11.97,3.725,8.00
1407.514,37.50811745,126.99235480,11.91,3.902,8.00
1408.514,37.50808787,126.99233470,12.07,3.830,8.00
1409.514,37.50805832,126.99231360,11.76,3.776,8.00
1410.514,37.50803038,126.99229190,12.02,3.694,8.00
1411.514,37.50800037,126.99227140,12.17,3.735,8.00
1412.514,37.50796850,126.99225230,12.43,3.829,8.00
1413.514,37.50793782,126.99223350,12.22,3.797,8.00
1414.514,37.50790666,126.99221060,10.89,3.895,8.00
1415.514,37.50787222,126.99218680,11.29,4.132,8.00
1416.514,37.50784304,126.99217310,11.59,3.825,8.00
1417.514,37.50781083,126.99214990,11.88,4.025,8.00
1418.514,37.50778398,126.99212520,11.72,3.840,8.00
1419.514,37.50775372,126.99210300,11.35,3.828,8.00
1420.515,37.50772427,126.99207740,11.82,3.815,8.00
1421.515,37.50769651,126.99204730,11.76,3.938,8.00
1422.515,37.50766538,126.99202340,12.12,3.976,8.00
1423.515,37.50763971,126.99199020,11.90,4.023,8.00
1427.570,37.50546681,126.98255270,22.95,3.124,14.00
1428.570,37.50546666,126.98255270,17.40,3.124,12.13
1429.570,37.50546431,126.98255270,17.46,2.923,10.20
1430.570,37.50546431,126.98257680,15.83,2.725,8.68
1431.570,37.50545712,126.98260550,15.69,2.781,7.11
1432.455,37.50544195,126.98262790,14.98,2.781,5.23
1433.454,37.50543684,126.98265730,15.02,2.682,4.40
1434.454,37.50543647,126.98269300,14.51,2.619,3.57
1435.454,37.50543502,126.98272860,14.09,2.564,3.01
1436.454,37.50543502,126.98275480,13.66,2.551,2.80
1437.454,37.50543340,126.98278280,13.09,2.551,2.72
1438.454,37.50543335,126.98281420,13.21,2.551,2.77
1439.454,37.50543274,126.98284480,13.29,2.376,2.84
1440.454,37.50542938,126.98287170,13.29,2.376,14.25
1441.454,37.50542938,126.98289770,13.53,2.379,14.25
1442.454,37.50542695,126.98291910,13.65,2.102,14.25
1443.454,37.50542661,126.98294860,13.75,2.535,14.25
1444.454,37.50542661,126.98298880,13.54,2.535,14.25
1445.454,37.50542540,126.98303150,14.24,2.600,14.25
1446.454,37.50542540,126.98306930,13.70,2.600,14.25
1447.454,37.50542540,126.98309480,13.37,2.218,14.25
1448.454,37.50542361,126.98312240,13.21,2.218,14.25
1449.454,37.50542162,126.98314460,13.72,2.218,14.25
1450.454,37.50542162,126.98317630,14.00,2.444,14.25
1451.454,37.50542162,126.98321290,14.03,2.532,14.25
1452.454,37.50542245,126.98326750,13.58,3.473,14.25
1453.454,37.50542891,126.98330980,13.62,3.533,14.25
1454.454,37.50543055,126.98334930,13.51,3.533,14.25
1455.454,37.50543200,126.98339400,13.13,3.613,14.25
1456.454,37.50543350,126.98344410,13.01,3.901,14.25
1457.454,37.50543883,126.98350360,12.94,4.637,14.25
1458.454,37.50544698,126.98356330,12.73,4.983,14.25
1459.454,37.50544861,126.98362360,12.65,4.983,14.25
1460.454,37.50546238,126.98369030,13.43,5.621,8.00
1461.454,37.50546699,126.98375800,13.31,5.682,8.00
1462.454,37.50547856,126.98382380,13.12,5.882,8.00
1463.454,37.50548818,126.98389010,12.95,5.988,8.00
1464.454,37.50549474,126.98396330,12.94,6.081,8.00
1465.454,37.50550134,126.98403630,13.05,6.277,8.00
1466.454,37.50551169,126.98410280,12.94,6.114,8.00
1467.454,37.50552149,126.98417650,13.02,6.387,8.00
1468.454,37.50553023,126.98424350,13.14,6.168,8.00
1469.454,37.50553710,126.98431600,13.21,6.347,8.00
1470.454,37.50554379,126.98437830,13.20,5.918,8.00
1471.454,37.50554739,126.98444660,13.31,5.960,8.00
1472.454,37.50555874,126.98451080,13.56,5.879,8.00
1473.454,37.50556955,126.98456950,12.64,5.576,8.00
1474.454,37.50558123,126.98463580,13.03,5.772,8.00
1475.454,37.50558996,126.98469670,13.03,5.589,8.00
1476.454,37.50559532,126.98475760,13.05,5.463,8.00
1477.454,37.50559704,126.98481500,12.60,5.223,8.00
1478.454,37.50560505,126.98487110,13.15,5.077,8.00
1479.454,37.50560927,126.98492730,13.15,5.012,8.00
1480.454,37.50561732,126.98498210,13.07,4.921,8.00
1481.454,37.50563015,126.98503070,12.97,4.667,8.00
1482.454,37.50563803,126.98508330,13.00,4.687,8.00
1483.454,37.50564828,126.98513300,12.98,4.583,8.00
1484.454,37.50565787,126.98518190,12.93,4.494,8.00
1485.454,37.50567147,126.98522840,13.08,4.426,8.00
1486.454,37.50568202,126.98527530,13.15,4.368,8.00
1487.454,37.50569639,126.98531880,13.04,4.236,8.00
1488.454,37.50571090,126.98536110,13.06,4.146,8.00
1489.454,37.50572605,126.98540440,12.82,4.145,8.00
1490.454,37.50573878,126.98544700,12.70,4.027,8.00
1491.454,37.50575542,126.98548850,12.73,4.026,8.00
1492.454,37.50577138,126.98553010,12.82,4.089,8.00
1493.454,37.50578089,126.98556770,12.86,3.675,8.00
1494.454,37.50579578,126.98560950,14.29,3.850,8.00
1495.454,37.50580950,126.98564620,13.50,3.654,8.00
1496.454,37.50582150,126.98568970,14.05,3.900,8.00
1497.454,37.50583699,126.98572390,13.90,3.670,8.00
1498.454,37.50585218,126.98576420,13.98,3.763,8.00
1499.454,37.50586454,126.98580540,14.09,3.853,8.00
1500.454,37.50587514,126.98584290,14.03,3.573,8.00
1501.454,37.50588304,126.98588250,14.29,3.504,8.00
1502.454,37.50589041,126.98592740,14.17,3.896,8.00
1503.454,37.50589378,126.98596600,14.15,3.653,8.00
1504.454,37.50590222,126.98600700,13.98,3.718,8.00
1505.454,37.50591160,126.98604210,14.38,3.381,8.00
1506.454,37.50592316,126.98608500,14.15,3.686,8.00
1507.454,37.50592547,126.98612360,14.29,3.498,8.00
1508.454,37.50593049,126.98616640,14.15,3.641,8.00
1509.454,37.50593735,126.98620630,14.27,3.666,8.00
1510.454,37.50594316,126.98624460,14.14,3.498,8.00
1511.454,37.50595220,126.98628210,14.52,3.480,8.00
1512.454,37.50596171,126.98632110,14.44,3.530,8.00
1513.454,37.50597010,126.98636020,14.27,3.523,8.00
1514.454,37.50597226,126.98638970,14.73,2.789,8.00
1515.454,37.50597957,126.98643770,14.36,3.678,8.00
1516.454,37.50598767,126.98647530,14.57,3.630,8.00
1517.454,37.50599480,126.98650820,14.44,3.220,8.00
1518.454,37.50599958,126.98654970,14.44,3.394,8.00
1519.454,37.50600736,126.98659100,14.36,3.599,8.00
1520.454,37.50601741,126.98662850,14.37,3.545,8.00
1521.454,37.50602101,126.98666470,14.45,3.261,8.00
1522.454,37.50603042,126.98670370,14.62,3.451,8.00
1523.454,37.50603784,126.98674350,14.48,3.521,8.00
1524.454,37.50604335,126.98678140,14.39,3.429,8.00
1525.454,37.50605234,126.98681810,14.49,3.380,8.00
1526.454,37.50606185,126.98686030,14.59,3.762,8.00
1527.454,37.50606764,126.98690210,14.45,3.763,8.00
1528.454,37.50607484,126.98694440,14.51,3.934,8.00
1529.454,37.50608305,126.98698370,14.23,3.692,8.00
1530.454,37.50609375,126.98703180,14.32,4.203,8.00
1531.454,37.50609402,126.98707620,14.03,4.040,8.00
1532.454,37.50610456,126.98711840,14.26,4.001,8.00
1533.454,37.50611094,126.98716450,13.93,3.987,8.00
1534.454,37.50611792,126.98721240,13.91,4.189,8.00
1535.454,37.50612852,126.98726020,13.91,4.326,8.00
1536.454,37.50613713,126.98730420,13.90,4.114,8.00
1537.454,37.50614690,126.98735590,13.71,4.532,8.00
1538.454,37.50615661,126.98739840,13.72,4.189,8.00
1539.454,37.50616473,126.98745030,13.80,4.547,8.00
1540.454,37.50617427,126.98749540,13.49,4.233,8.00
1541.454,37.50618189,126.98754670,13.22,4.437,8.00
1542.454,37.50619095,126.98759910,13.20,4.703,8.00
1543.454,37.50620277,126.98764560,13.00,4.434,8.00
1544.454,37.50621175,126.98770540,12.99,5.050,8.00
1545.454,37.50621856,126.98775520,12.68,4.703,8.00
1546.454,37.50622720,126.98781260,12.65,5.002,8.00
1547.454,37.50623637,126.98786660,12.77,4.990,8.00
1548.454,37.50624643,126.98791990,12.56,4.882,8.00
1549.454,37.50625732,126.98797640,12.46,5.009,8.00
1550.454,37.50626726,126.98803210,12.51,5.040,8.00
1551.454,37.50627462,126.98808760,12.66,4.981,8.00
1552.454,37.50627465,126.98814450,11.77,4.994,8.00
1553.454,37.50627642,126.98818980,11.80,4.531,8.00
1554.454,37.50628437,126.98824440,12.68,4.755,8.00
1555.454,37.50629330,126.98829890,11.88,4.830,8.00
1556.454,37.50630147,126.98834790,12.57,4.660,8.00
1557.454,37.50631190,126.98839630,12.44,4.515,8.00
1558.453,37.50632566,126.98844580,12.53,4.506,8.00
1559.453,37.50633062,126.98849700,12.29,4.526,8.00
1560.453,37.50633677,126.98854340,12.29,4.279,8.00
1561.453,37.50634621,126.98858970,12.04,4.231,8.00
1562.453,37.50636182,126.98863290,12.20,4.197,8.00
1563.453,37.50637711,126.98867990,12.25,4.347,8.00
1564.453,37.50638536,126.98873050,12.22,4.456,8.00
1565.453,37.50638644,126.98877860,12.20,4.324,8.00
1566.453,37.50639397,126.98882720,12.39,4.277,8.00
1567.453,37.50640277,126.98887260,12.04,4.172,8.00
1568.453,37.50641238,126.98892080,12.09,4.239,8.00
1569.453,37.50641975,126.98896850,12.21,4.265,8.00
1570.453,37.50643032,126.98901280,12.13,4.155,8.00
1571.453,37.50643699,126.98905850,12.15,4.117,8.00
1572.453,37.50644614,126.98910360,12.26,4.113,8.00
1573.453,37.50645457,126.98914810,12.32,4.075,8.00
1574.453,37.50646143,126.98919130,12.36,3.976,8.00
1575.453,37.50647901,126.98923090,12.42,3.914,8.00
1576.453,37.50650404,126.98926430,12.15,3.921,8.00
1577.453,37.50653573,126.98929150,12.10,4.061,8.00
1578.453,37.50656702,126.98931420,12.25,4.075,8.00
1579.453,37.50659699,126.98935060,11.92,4.448,8.00
1580.453,37.50660546,126.98938720,11.42,4.020,8.00
1581.453,37.50660546,126.98943600,11.32,4.071,8.00
1582.453,37.50660546,126.98948450,11.39,4.049,8.00
1583.453,37.50660646,126.98953170,11.48,4.051,8.00
1584.453,37.50660646,126.98957270,11.10,3.788,8.00
1585.453,37.50660646,126.98962450,11.25,4.091,8.00
1586.453,37.50661321,126.98966730,11.33,3.897,8.00
1587.453,37.50662572,126.98970930,11.34,3.919,8.00
1588.453,37.50663405,126.98975020,11.14,3.854,8.00
1589.453,37.50664396,126.98978920,10.78,3.695,8.00
1590.453,37.50664871,126.98983260,10.48,3.686,8.00
1591.453,37.50665187,126.98986920,10.40,3.435,8.00
1592.453,37.50666817,126.98990960,10.63,3.595,8.00
1593.453,37.50668561,126.98994640,10.86,3.596,8.00
1594.453,37.50669764,126.98998460,10.78,3.618,8.00
1595.453,37.50671999,126.99002490,10.60,4.000,8.00
1596.453,37.50673097,126.99005720,11.10,3.397,8.00
1597.453,37.50673550,126.99009510,10.82,3.227,8.00
1598.453,37.50675235,126.99013620,10.81,3.500,8.00
1599.453,37.50677091,126.99017560,10.78,3.841,8.00
1600.453,37.50678422,126.99020480,10.92,3.274,8.00
1601.453,37.50680179,126.99025030,10.70,3.859,8.00
1602.453,37.50681559,126.99028730,10.88,3.784,8.00
1603.453,37.50683144,126.99032490,10.96,3.725,8.00
1604.453,37.50685129,126.99036290,11.06,3.929,8.00
1605.453,37.50686359,126.99040150,11.08,3.744,8.00
1606.453,37.50688047,126.99044060,11.34,3.840,8.00
1607.453,37.50689751,126.99047750,11.31,3.717,8.00
1608.453,37.50691160,126.99051750,11.34,3.779,8.00
1609.453,37.50692480,126.99055690,11.28,3.796,8.00
1610.453,37.50694090,126.99059670,11.53,3.896,8.00
1611.453,37.50695501,126.99063150,11.56,3.665,8.00
1612.453,37.50696921,126.99066430,11.55,3.488,8.00
1613.453,37.50698323,126.99070160,11.51,3.388,8.00
1614.453,37.50699601,126.99073570,11.66,3.292,8.00
1615.453,37.50700856,126.99076870,11.91,3.243,8.00
1616.453,37.50701893,126.99081680,11.86,3.441,8.00
1617.453,37.50703437,126.99085190,11.70,3.413,8.00
1618.453,37.50704928,126.99088670,11.54,3.459,8.00
1619.453,37.50706188,126.99091950,11.37,3.242,8.00
1620.453,37.50707770,126.99095330,11.28,3.309,8.00
1621.453,37.50709267,126.99098670,11.25,3.227,8.00
1622.453,37.50710767,126.99102090,11.21,3.316,8.00
1623.453,37.50711809,126.99105700,11.14,3.215,8.00
1624.453,37.50713368,126.99109550,11.15,3.443,8.00
1625.453,37.50714630,126.99113450,11.01,3.413,8.00
1626.453,37.50715778,126.99116840,11.22,3.407,8.00
1627.453,37.50716748,126.99120380,11.18,3.250,8.00
1628.453,37.50718242,126.99124410,11.05,3.666,8.00
1629.453,37.50719836,126.99127790,11.11,3.495,8.00
1630.453,37.50721330,126.99131530,11.36,3.696,8.00
1631.453,37.50722670,126.99134920,11.51,3.427,8.00
1632.453,37.50724219,126.99138650,11.57,3.697,8.00
1633.453,37.50725426,126.99142160,11.56,3.517,8.00
1634.453,37.50726865,126.99146050,11.47,3.677,8.00
1635.453,37.50728280,126.99149690,11.42,3.628,8.00
1636.453,37.50729638,126.99153360,11.41,3.577,8.00
1637.453,37.50731303,126.99157090,11.53,3.836,8.00
1638.453,37.50733079,126.99160420,11.51,3.711,8.00
1639.453,37.50734745,126.99163790,11.26,3.524,8.00
1640.453,37.50736545,126.99167380,11.30,3.767,8.00
1641.453,37.50738097,126.99169840,11.48,3.342,8.00
1642.453,37.50740425,126.99173660,11.27,3.687,8.00
1643.453,37.50742484,126.99176370,11.26,3.529,8.00
1644.453,37.50743708,126.99180120,11.18,3.570,8.00
1645.453,37.50745186,126.99183510,11.33,3.656,8.00
1646.453,37.50748230,126.99187620,10.82,4.022,8.00
1647.453,37.50750523,126.99190740,10.51,4.154,8.00
1648.453,37.50752390,126.99193070,9.97,3.592,8.00
1649.453,37.50754617,126.99195460,9.76,3.346,8.00
1650.453,37.50756671,126.99198240,10.00,3.222,8.00
1651.453,37.50758086,126.99199970,10.33,2.713,8.00
1652.453,37.50760719,126.99202530,10.20,3.117,8.00
1653.454,37.50763520,126.99205640,10.54,3.713,8.00
1654.454,37.50765874,126.99208140,10.38,3.506,8.00
1655.454,37.50768269,126.99210300,10.33,3.373,8.00
1656.454,37.50770889,126.99213280,10.04,3.589,8.00
1657.454,37.50773186,126.99215350,9.91,3.256,8.00
1658.454,37.50776005,126.99217640,10.10,3.500,8.00
1659.454,37.50778732,126.99219950,10.38,3.566,8.00
1660.454,37.50781736,126.99221640,10.32,3.583,8.00
1661.454,37.50784637,126.99223500,10.50,3.587,8.00
1662.454,37.50787622,126.99225090,10.55,3.560,8.00
1663.454,37.50790501,126.99226610,10.74,3.499,8.00
1664.454,37.50793380,126.99228290,10.87,3.482,8.00
1665.454,37.50796242,126.99229810,11.35,3.453,8.00
1666.454,37.50799343,126.99231640,11.32,3.586,8.00
1667.454,37.50802085,126.99233130,11.57,3.466,8.00
1668.454,37.50804710,126.99235130,11.44,3.443,8.00
1669.454,37.50807283,126.99237230,11.90,3.357,8.00
1670.454,37.50811052,126.99239660,11.43,4.239,8.00
1671.454,37.50813316,126.99241520,11.41,3.675,8.00
1672.454,37.50815891,126.99243270,11.22,3.533,8.00
1673.454,37.50818496,126.99244810,11.76,3.540,8.00
1674.454,37.50820849,126.99246110,12.52,3.296,8.00
1675.454,37.50823941,126.99248340,12.09,3.576,8.00
1676.454,37.50826828,126.99250630,11.89,3.415,8.00
1677.454,37.50829342,126.99252810,12.23,3.369,8.00
1678.454,37.50831964,126.99255080,12.42,3.455,8.00
1679.454,37.50834415,126.99257340,12.16,3.410,8.00
1680.454,37.50837146,126.99259590,12.29,3.497,8.00
1681.454,37.50839908,126.99261880,12.45,3.592,8.00
1682.454,37.50842637,126.99264530,12.20,3.726,8.00
1683.454,37.50844844,126.99266770,12.00,3.478,8.00
1684.453,37.50847803,126.99268940,12.05,3.548,8.00
1685.453,37.50850394,126.99271530,12.00,3.643,8.00
1686.453,37.50852715,126.99273970,11.58,3.453,8.00
1687.453,37.50855024,126.99275780,11.82,3.186,8.00
1688.453,37.50857474,126.99279210,12.54,3.529,8.00
1689.453,37.50860197,126.99282190,12.64,3.849,8.00
1690.453,37.50862414,126.99284320,12.66,3.537,8.00
1691.453,37.50864801,126.99287340,12.63,3.646,8.00
1692.453,37.50867054,126.99290370,12.89,3.635,8.00
1693.453,37.50869101,126.99293180,13.21,3.494,8.00
1694.453,37.50870460,126.99296590,13.05,3.357,8.00
1695.453,37.50871707,126.99299330,12.88,2.981,8.00
1696.453,37.50873622,126.99302640,12.69,3.157,8.00
1697.453,37.50876978,126.99306580,13.41,3.928,8.00
1698.453,37.50878432,126.99308910,13.14,3.091,8.00
1699.453,37.50879770,126.99312660,13.52,3.498,8.00
1700.453,37.50880758,126.99316390,14.24,3.400,8.00
1701.453,37.50881862,126.99319980,13.81,3.385,8.00
1702.453,37.50882813,126.99323670,13.99,3.401,8.00
1703.453,37.50883460,126.99326850,14.07,3.134,8.00
1704.453,37.50883995,126.99330170,13.48,3.021,8.00
1705.453,37.50884795,126.99332930,11.96,2.782,8.00
1706.453,37.50885301,126.99337360,12.74,3.311,8.00
1707.453,37.50885444,126.99340860,13.07,3.078,8.00
1708.453,37.50885583,126.99343830,12.67,2.772,8.00
1709.453,37.50885659,126.99347640,12.71,3.045,8.00
1710.453,37.50885914,126.99351280,12.91,3.147,8.00
1711.453,37.50886277,126.99354550,12.97,3.023,8.00
1712.453,37.50886277,126.99357670,13.15,2.910,8.00
1713.453,37.50886277,126.99361880,14.63,3.274,8.00
1714.453,37.50885592,126.99364560,13.81,2.866,8.00
1715.453,37.50885057,126.99367990,13.60,2.951,8.00
1716.453,37.50884759,126.99371310,13.71,2.946,8.00
1717.453,37.50884300,126.99374640,13.72,2.934,8.00
1718.453,37.50883673,126.99377780,13.65,2.874,8.00
1719.453,37.50882995,126.99380950,13.66,2.885,8.00
1720.453,37.50882548,126.99384020,13.48,2.807,8.00
1721.453,37.50882171,126.99387380,13.31,2.913,8.00
1722.453,37.50882033,126.99390800,13.47,3.044,8.00
1723.453,37.50881304,126.99393850,13.69,2.788,8.00
1724.453,37.50881244,126.99397330,13.37,2.962,8.00
1725.453,37.50881005,126.99400790,13.46,3.071,8.00
1726.453,37.50880962,126.99403750,13.19,2.787,8.00
1727.453,37.50880699,126.99407180,13.21,2.918,8.00
1728.453,37.50880536,126.99410390,13.22,2.866,8.00
1729.453,37.50880535,126.99413890,13.21,2.978,8.00
1730.453,37.50880535,126.99417140,12.58,2.905,8.00
1731.453,37.50880535,126.99420480,12.81,2.932,8.00
1732.453,37.50881249,126.99424580,12.79,3.332,8.00
1733.453,37.50881669,126.99427340,12.84,2.940,8.00
1734.453,37.50882168,126.99429950,12.80,2.617,8.00
1735.453,37.50883062,126.99433090,12.68,2.699,8.00
1736.453,37.50883833,126.99436500,12.54,2.855,8.00
1737.453,37.50884573,126.99439300,11.84,2.753,8.00
1738.453,37.50884625,126.99442470,11.83,2.764,8.00
1739.453,37.50885769,126.99446040,11.55,3.047,8.00
1740.453,37.50886813,126.99449560,11.67,3.225,8.00
1741.453,37.50887579,126.99452490,11.48,2.890,8.00
1742.453,37.50888813,126.99455180,11.12,2.840,8.00
1743.453,37.50889985,126.99458700,11.52,3.090,8.00
1744.453,37.50890952,126.99461910,11.79,3.139,8.00
1745.453,37.50892272,126.99465290,11.73,3.280,8.00
1746.453,37.50893499,126.99468110,14.74,3.034,8.00
1747.453,37.50895059,126.99470950,15.15,3.011,8.00
1748.453,37.50896610,126.99473050,14.22,2.570,8.00
1749.453,37.50899069,126.99476430,13.50,3.207,8.00
1750.453,37.50900370,126.99478500,13.19,2.789,8.00
1751.453,37.50902567,126.99481320,12.72,3.391,8.00
1752.453,37.50904368,126.99484700,12.68,3.657,8.00
1753.453,37.50907006,126.99487580,12.60,4.238,8.00
1754.453,37.50909703,126.99489340,12.20,4.016,8.00
1755.453,37.50910355,126.99491960,12.73,3.459,8.00
1756.453,37.50912272,126.99494660,12.83,3.326,8.00
1757.453,37.50914345,126.99497110,12.79,3.180,8.00
1758.453,37.50916812,126.99498790,13.02,3.108,8.00
1759.453,37.50919419,126.99500210,13.04,3.121,8.00
1760.453,37.50921901,126.99502760,12.98,3.347,8.00
1761.453,37.50924413,126.99505380,12.93,3.491,8.00
1762.453,37.50926852,126.99507270,12.96,3.325,8.00
1763.453,37.50929462,126.99509240,13.50,3.329,8.00
1764.453,37.50932821,126.99510440,12.84,3.467,8.00
1765.453,37.50935932,126.99511670,13.42,3.511,8.00
1766.453,37.50938860,126.99513320,13.99,3.491,8.00
1767.453,37.50941340,126.99515380,13.76,3.330,8.00
1768.453,37.50944172,126.99516900,14.06,3.351,8.00
1769.453,37.50947237,126.99517800,13.10,3.326,8.00
1770.453,37.50950626,126.99517950,13.38,3.451,8.00
1771.453,37.50953669,126.99518430,13.86,3.369,8.00
1772.453,37.50956716,126.99518950,13.88,3.374,8.00
1773.453,37.50959675,126.99519780,13.89,3.338,8.00
1774.453,37.50962439,126.99520330,12.72,3.165,8.00
1775.453,37.50965459,126.99521940,12.80,3.328,8.00
1776.453,37.50968435,126.99522740,12.57,3.267,8.00
1777.453,37.50971361,126.99524070,12.45,3.299,8.00
1778.453,37.50974089,126.99525590,12.26,3.260,8.00
1779.453,37.50977043,126.99526960,12.14,3.368,8.00
1780.453,37.50980054,126.99528760,12.24,3.537,8.00
1781.453,37.50983006,126.99530370,12.18,3.580,8.00
1782.453,37.50985810,126.99532440,11.89,3.586,8.00
1783.453,37.50988668,126.99534260,11.93,3.558,8.00
1784.453,37.50991460,126.99536490,11.81,3.585,8.00
1785.453,37.50994279,126.99538730,11.90,3.548,8.00
1786.453,37.50996890,126.99540950,11.84,3.410,8.00
1787.453,37.50999668,126.99543400,11.81,3.412,8.00
1788.453,37.51002372,126.99545940,11.80,3.506,8.00
1789.453,37.51004736,126.99548370,11.77,3.357,8.00
1790.453,37.51007262,126.99550790,11.81,3.415,8.00
1791.453,37.51009707,126.99553050,11.94,3.380,8.00
1792.453,37.51012052,126.99555570,11.71,3.257,8.00
1793.453,37.51014244,126.99558380,11.92,3.440,8.00
1794.453,37.51016656,126.99561930,12.19,4.075,8.00
1795.453,37.51018904,126.99566040,11.88,4.379,8.00
1796.453,37.51020839,126.99568480,11.31,4.061,8.00
1797.453,37.51021980,126.99570170,11.59,3.101,8.00
1798.453,37.51023300,126.99572090,12.45,2.740,8.00
1799.453,37.51025174,126.99575430,12.29,3.105,8.00
1800.453,37.51026848,126.99578230,11.97,3.144,8.00
1801.453,37.51028321,126.99581380,12.05,3.196,8.00
1802.453,37.51029648,126.99584320,12.45,3.094,8.00
1803.453,37.51030890,126.99587160,12.42,2.946,8.00
1804.453,37.51032335,126.99590050,12.14,2.956,8.00
1805.453,37.51033710,126.99593190,12.04,3.076,8.00
1806.453,37.51035064,126.99596040,11.89,2.966,8.00
1807.453,37.51035921,126.99599070,11.97,2.868,8.00
1808.453,37.51036949,126.99602060,12.01,2.834,8.00
1809.453,37.51037966,126.99605470,11.85,3.040,8.00
1810.452,37.51038532,126.99608790,11.68,3.045,8.00
1811.452,37.51039301,126.99612160,11.66,3.068,8.00
1812.452,37.51040066,126.99615420,11.62,3.036,8.00
1813.452,37.51040747,126.99618010,12.32,2.679,8.00
1814.452,37.51041339,126.99620830,12.01,2.560,8.00
1815.452,37.51041942,126.99624970,11.81,3.018,8.00
1816.452,37.51042289,126.99628460,11.67,3.144,8.00
1817.452,37.51042909,126.99632720,11.25,3.498,8.00
1818.452,37.51043038,126.99634820,11.54,2.828,8.00
1819.452,37.51043347,126.99638330,11.41,2.910,8.00
1820.452,37.51043653,126.99642020,10.59,3.021,8.00
1821.452,37.51044140,126.99645200,11.07,3.031,8.00
1822.452,37.51044222,126.99647800,11.59,2.654,8.00
1823.452,37.51044222,126.99651780,11.90,3.152,8.00
1824.452,37.51044222,126.99654710,11.66,2.833,8.00
1825.452,37.51043172,126.99657870,12.85,2.962,8.00
1826.453,37.51043169,126.99660210,12.01,2.580,8.00
1827.453,37.51043169,126.99663550,11.83,2.682,8.00
1828.453,37.51043172,126.99666400,11.93,2.656,8.00
1829.453,37.51043125,126.99669200,12.17,2.640,8.00
1830.453,37.51043125,126.99672520,11.91,2.736,8.00
1831.453,37.51042720,126.99675500,11.93,2.641,8.00
1832.453,37.51042489,126.99678730,11.73,2.770,8.00
1833.453,37.51041921,126.99681950,11.72,2.887,8.00
1834.453,37.51041565,126.99685180,11.52,3.006,8.00
1835.453,37.51041074,126.99687550,11.19,2.645,8.00
1836.453,37.51040637,126.99689940,11.26,2.401,8.00
1837.453,37.51040615,126.99692780,11.15,2.464,8.00
1838.453,37.51039903,126.99696390,11.13,2.887,8.00
1839.453,37.51039643,126.99699200,11.93,2.600,8.00
1840.453,37.51039384,126.99702240,11.78,2.721,8.00
1841.453,37.51039226,126.99705010,11.73,2.592,8.00
1842.453,37.51039037,126.99708200,12.13,2.732,8.00
1843.453,37.51038364,126.99711330,12.07,2.798,8.00
1844.453,37.51038364,126.99713800,12.45,2.536,8.00
1845.453,37.51038364,126.99716670,12.40,2.718,8.00
1846.453,37.51038220,126.99720340,12.58,3.063,8.00
1847.453,37.51038197,126.99724080,12.74,3.270,8.00
1848.453,37.51038197,126.99727510,13.07,3.254,8.00
1849.453,37.51037913,126.99729480,13.27,2.918,8.00
1850.453,37.51037913,126.99732610,13.30,2.942,8.00
1851.453,37.51037913,126.99735080,13.40,2.554,8.00
1852.453,37.51039172,126.99737480,13.52,2.346,8.00
1853.453,37.51039681,126.99740370,13.72,2.491,8.00
1854.453,37.51040699,126.99742690,13.55,2.349,8.00
1855.453,37.51041602,126.99745330,12.87,2.351,8.00
1856.453,37.51042298,126.99748470,12.52,2.583,8.00
1857.453,37.51043044,126.99751060,12.64,2.552,8.00
1858.453,37.51043768,126.99753630,12.84,2.515,8.00
1859.453,37.51044559,126.99756470,12.66,2.583,8.00
1860.453,37.51045337,126.99759160,12.70,2.538,8.00
1861.453,37.51046516,126.99761660,12.80,2.565,8.00
1862.453,37.51047681,126.99764070,12.84,2.493,8.00
1863.453,37.51048920,126.99766360,12.89,2.437,8.00
1864.453,37.51050069,126.99769020,12.85,2.561,8.00
1865.453,37.51050952,126.99771840,12.85,2.682,8.00
1866.453,37.51051844,126.99774450,12.87,2.608,8.00
1867.453,37.51052903,126.99777020,12.73,2.661,8.00
1868.453,37.51054305,126.99779730,12.81,2.789,8.00
1869.453,37.51055718,126.99782210,12.79,2.753,8.00
1870.453,37.51057316,126.99784630,12.62,2.749,8.00
1871.453,37.51058770,126.99787240,12.50,2.796,8.00
1872.453,37.51060416,126.99789880,12.63,2.921,8.00
1873.453,37.51061951,126.99792290,12.65,2.827,8.00
1874.453,37.51063360,126.99794920,12.49,2.827,8.00
1875.453,37.51064635,126.99797220,12.37,2.697,8.00
1876.453,37.51066186,126.99799880,12.31,2.953,8.00
1877.453,37.51067965,126.99802350,12.39,2.919,8.00
1878.453,37.51069631,126.99804630,12.72,2.927,8.00
1879.453,37.51071266,126.99806490,12.76,2.694,8.00
1880.453,37.51073204,126.99808140,12.86,2.702,8.00
1881.453,37.51074801,126.99809740,12.86,2.413,8.00
1882.453,37.51076533,126.99811550,12.97,2.467,8.00
1883.453,37.51078156,126.99812820,13.08,2.224,8.00
1884.453,37.51079416,126.99813360,13.23,1.631,8.00
1885.453,37.51080667,126.99813950,13.19,1.480,8.00
1886.453,37.51081455,126.99813950,13.27,0.950,8.00
1887.453,37.51081578,126.99813960,13.22,0.139,8.00
1888.453,37.51081623,126.99814000,13.06,0.062,8.00
1889.453,37.51081706,126.99814000,12.97,0.033,8.00
1890.453,37.51081934,126.99814370,13.11,0.448,8.05
1891.453,37.51082772,126.99815110,13.23,1.018,8.05
1892.453,37.51083424,126.99815730,13.30,0.965,8.04
1893.453,37.51083969,126.99816650,13.40,0.979,8.11
1894.453,37.51084695,126.99817890,13.46,1.236,8.10
1895.453,37.51085384,126.99819880,13.63,1.467,8.10
1896.453,37.51086624,126.99822300,13.51,1.834,8.09
1897.453,37.51087259,126.99824550,13.62,1.796,8.09
1898.453,37.51087750,126.99826670,13.59,1.598,8.21
1899.453,37.51088311,126.99829030,13.73,1.644,8.20
1900.453,37.51088944,126.99831560,13.82,1.814,8.91
1901.453,37.51089691,126.99834050,13.89,1.934,9.35
1902.453,37.51090534,126.99836970,13.98,2.213,9.28
1903.453,37.51091135,126.99840220,14.02,2.515,9.22
1904.453,37.51091517,126.99843180,14.28,2.502,9.16
1905.453,37.51091864,126.99846800,14.11,2.740,9.10
1906.453,37.51092204,126.99849650,14.11,2.546,9.04
1907.453,37.51092220,126.99852980,14.28,2.670,8.99
1908.453,37.51092579,126.99856000,14.04,2.782,8.94
1909.453,37.51092856,126.99859090,13.98,2.768,8.89
1910.453,37.51093351,126.99862350,14.08,2.830,8.85
1911.453,37.51094063,126.99865120,14.14,2.686,8.81
1912.453,37.51095120,126.99868030,14.21,2.745,8.77
1913.453,37.51096187,126.99870850,14.28,2.739,8.73
1914.453,37.51096936,126.99873670,14.26,2.676,8.69
1915.453,37.51097406,126.99876740,14.34,2.727,8.66
1916.453,37.51097948,126.99879910,14.62,2.776,8.62
1917.453,37.51098954,126.99882800,14.47,2.808,8.59
1918.453,37.51100194,126.99885590,14.49,2.817,8.56
1919.453,37.51101363,126.99888300,14.48,2.740,8.54
1920.453,37.51102475,126.99891120,14.35,2.740,8.51
1921.453,37.51103693,126.99893790,14.33,2.713,8.48
1922.453,37.51105320,126.99896570,14.30,2.777,8.46
1923.453,37.51106557,126.99899150,14.39,2.689,8.44
1924.453,37.51107648,126.99902010,14.41,2.728,8.41
1925.453,37.51108785,126.99905020,14.40,2.885,8.39
1926.453,37.51110152,126.99907780,14.48,2.923,8.37
1927.453,37.51111389,126.99909490,14.31,2.702,8.36
1928.453,37.51113043,126.99911730,14.24,2.767,8.34
1929.453,37.51114814,126.99913810,14.04,2.703,8.32
1930.453,37.51115618,126.99916020,14.07,2.299,8.30
1931.453,37.51116763,126.99918630,13.87,2.468,8.29
1932.453,37.51117792,126.99921170,13.71,2.535,8.27
1933.453,37.51118730,126.99923640,13.88,2.481,8.26
1934.453,37.51120291,126.99925760,13.81,2.505,8.25
1935.453,37.51121850,126.99927830,13.73,2.505,8.24
1936.452,37.51123332,126.99930060,13.72,2.548,8.22
1937.452,37.51124747,126.99932280,13.74,2.517,8.21
1938.452,37.51125999,126.99934750,13.69,2.555,8.20
1939.452,37.51127728,126.99936240,13.05,2.496,8.19
1940.452,37.51129697,126.99937920,13.00,2.546,8.18
1941.452,37.51131915,126.99939250,13.11,2.612,8.17
1942.452,37.51133509,126.99941520,13.29,2.504,8.16
1943.452,37.51135235,126.99943040,13.28,2.401,8.16
1944.452,37.51137229,126.99946310,13.72,2.750,8.15
1945.452,37.51139045,126.99949000,13.76,2.905,8.14
1946.452,37.51140738,126.99951330,13.89,2.825,8.13
1947.452,37.51142110,126.99953740,14.69,2.684,8.13
1948.452,37.51143997,126.99956240,14.90,2.830,8.12
1949.452,37.51145670,126.99958600,14.90,2.800,8.11
1950.452,37.51147388,126.99961200,15.16,2.786,8.11
1951.452,37.51149021,126.99963670,15.05,2.779,8.10
1952.452,37.51150781,126.99966110,15.31,2.798,8.10
1953.452,37.51152387,126.99968660,15.44,2.852,8.09
1954.452,37.51154181,126.99971130,15.06,2.875,8.09
1955.452,37.51155941,126.99973510,14.79,2.874,8.08
1956.452,37.51157519,126.99976200,14.76,2.926,8.08
1957.452,37.51158976,126.99978790,14.75,2.902,8.08
1958.452,37.51160557,126.99981390,14.91,2.903,8.07
1959.452,37.51162354,126.99983590,14.89,2.837,8.07
1960.452,37.51164069,126.99985990,14.94,2.814,8.07
1961.452,37.51165630,126.99989210,15.45,3.013,8.06
1962.452,37.51166626,126.99992300,16.05,2.905,8.06
1963.452,37.51167959,126.99995150,16.01,2.898,8.06
1964.452,37.51169413,126.99998180,15.87,2.952,8.05
1965.452,37.51170976,127.00000910,15.82,2.995,8.05
1966.452,37.51172642,127.00003440,15.80,2.967,8.05
1967.452,37.51174086,127.00006340,15.76,2.970,8.05
1968.452,37.51175039,127.00008580,15.65,2.813,8.04
1969.452,37.51175885,127.00011510,14.92,2.835,8.04
1970.452,37.51176895,127.00014550,14.92,2.792,8.04
1971.452,37.51178016,127.00017360,14.73,2.869,8.04
1972.452,37.51179519,127.00020140,14.77,2.772,8.04
1973.452,37.51180864,127.00022900,14.88,2.765,8.03
1974.453,37.51182250,127.00025670,14.77,2.818,8.03
1975.453,37.51183639,127.00028390,14.78,2.832,8.03
1976.453,37.51184928,127.00031220,14.71,2.770,8.03
1977.453,37.51185896,127.00034190,14.91,2.652,8.03
1978.453,37.51186916,127.00037030,14.83,2.669,8.03
1979.453,37.51187811,127.00040450,14.79,3.006,8.02
1980.453,37.51188634,127.00043150,14.69,2.650,8.02
1981.453,37.51189683,127.00046280,14.83,2.924,8.02
1982.453,37.51190571,127.00049010,14.58,2.617,8.02
1983.453,37.51190910,127.00052510,14.59,2.877,8.02
1984.453,37.51191560,127.00056030,14.62,3.112,8.02
1985.453,37.51192132,127.00059510,14.44,3.088,8.02
1986.453,37.51193262,127.00062560,14.66,2.964,8.02
1987.453,37.51194404,127.00066150,14.70,3.140,8.02
1988.453,37.51195401,127.00069590,14.62,3.173,8.02
1989.453,37.51196142,127.00072970,14.53,3.170,8.01
1990.453,37.51197304,127.00076390,14.56,3.206,8.01
1991.453,37.51198140,127.00080140,14.44,3.271,8.01
1992.453,37.51198529,127.00083840,14.58,3.220,8.01
1993.453,37.51199150,127.00087450,14.55,3.164,8.01
1994.453,37.51199978,127.00090920,14.56,3.189,8.01
1995.453,37.51200798,127.00094470,14.56,3.216,8.01
1996.453,37.51201858,127.00098060,14.69,3.269,8.01
1997.453,37.51202721,127.00101560,14.47,3.238,8.01
1998.453,37.51203378,127.00105110,14.50,3.191,8.01
1999.453,37.51204305,127.00108700,14.37,3.238,8.01
2000.453,37.51205116,127.00112170,14.28,3.213,8.01
2001.453,37.51206178,127.00115390,14.17,3.159,8.01
2002.453,37.51207182,127.00118590,14.09,3.093,8.01
2003.453,37.51208740,127.00121870,14.07,3.187,8.01
2004.453,37.51210164,127.00125420,14.04,3.391,8.01
2005.453,37.51211557,127.00128730,13.93,3.370,8.01
2006.453,37.51213064,127.00132110,13.90,3.417,8.01
2007.453,37.51214361,127.00135220,13.80,3.260,8.01
2008.453,37.51215703,127.00138410,13.75,3.165,8.01
2009.453,37.51216970,127.00141790,13.74,3.223,8.01
2010.453,37.51218078,127.00145140,13.64,3.182,8.01
2011.453,37.51219408,127.00148080,13.67,3.024,8.00
2012.453,37.51220925,127.00151320,13.65,3.217,8.00
2013.453,37.51222682,127.00154890,13.55,3.579,8.00
2014.453,37.51224509,127.00158590,13.49,3.748,8.00
2015.453,37.51226310,127.00160510,13.10,3.355,8.00
2016.453,37.51227940,127.00162550,13.12,2.895,8.00
2017.453,37.51229781,127.00164940,13.29,2.983,8.00
2018.453,37.51231726,127.00167020,13.39,2.907,8.00
2019.453,37.51233762,127.00169380,13.21,3.054,8.00
2020.453,37.51236013,127.00171390,13.57,3.123,8.00
2021.453,37.51238262,127.00173550,13.39,3.176,8.00
2022.453,37.51240363,127.00175800,13.39,3.094,8.00
2023.453,37.51242590,127.00178130,13.32,3.177,8.00
2024.453,37.51244891,127.00180480,13.35,3.272,8.00
2025.453,37.51247229,127.00182460,13.30,3.172,8.00
2026.453,37.51249580,127.00185010,13.30,3.289,8.00
2027.453,37.51252032,127.00187570,13.28,3.544,8.00
2028.453,37.51254534,127.00189540,13.30,3.361,8.00
2029.453,37.51256843,127.00191510,13.27,3.094,8.00
2030.453,37.51259145,127.00193590,13.06,3.075,8.00
2031.453,37.51261501,127.00195790,13.18,3.045,8.00
2032.453,37.51263637,127.00197770,13.26,3.024,8.00
2033.453,37.51266087,127.00199420,13.32,2.994,8.00
2034.453,37.51267555,127.00200630,13.29,2.367,8.00
2035.453,37.51269992,127.00202150,13.26,2.577,8.00
2036.453,37.51272660,127.00203660,13.37,2.929,8.00
2037.453,37.51274729,127.00205170,13.43,2.787,8.00
2038.453,37.51276878,127.00206200,13.57,2.723,8.00
2039.453,37.51279128,127.00207360,13.53,2.694,8.00
2040.453,37.51281592,127.00208410,13.31,2.885,8.00
2041.453,37.51283765,127.00209360,13.26,2.798,8.00
2042.453,37.51285963,127.00210720,13.29,2.828,8.00
2043.453,37.51288099,127.00211650,13.34,2.606,8.00
2044.453,37.51290233,127.00212750,13.10,2.454,8.00
2045.453,37.51292543,127.00213270,13.42,2.403,8.00
2046.453,37.51294830,127.00213580,13.48,2.394,8.00
2047.453,37.51297200,127.00214390,13.23,2.392,8.00
2048.453,37.51299348,127.00215770,13.41,2.439,8.00
2049.453,37.51301701,127.00217260,13.48,2.656,8.00
2050.453,37.51303845,127.00218700,13.55,2.657,8.00
2051.453,37.51305892,127.00220050,13.23,2.581,8.00
2052.453,37.51308173,127.00221170,13.13,2.649,8.00
2053.453,37.51310413,127.00222120,13.28,2.686,8.00
2054.453,37.51312839,127.00223340,13.43,2.843,8.00
2055.453,37.51315025,127.00224530,13.41,2.738,8.00
2056.453,37.51317261,127.00226100,13.47,2.722,8.00
2057.453,37.51319333,127.00227810,13.49,2.650,8.00
2058.453,37.51321548,127.00229500,13.48,2.772,8.00
2059.453,37.51323721,127.00231060,13.43,2.759,8.00
2060.453,37.51325891,127.00232360,13.45,2.722,8.00
2061.453,37.51328046,127.00233770,13.66,2.680,8.00
2062.451,37.51329923,127.00235490,13.68,2.590,8.00
2063.451,37.51331681,127.00237130,13.74,2.464,8.00
2064.451,37.51333620,127.00238590,14.00,2.494,8.00
2065.451,37.51335883,127.00240460,14.08,2.682,8.00
2066.451,37.51337950,127.00242110,14.19,2.697,8.00
2067.451,37.51339867,127.00243990,14.31,2.645,8.00
2068.451,37.51341857,127.00245570,14.29,2.578,8.00
2069.451,37.51343877,127.00247330,13.99,2.543,8.00
2070.451,37.51345927,127.00249170,13.95,2.588,8.00
2071.451,37.51347801,127.00251110,13.71,2.568,8.00
2072.451,37.51349549,127.00253060,13.70,2.566,8.00
2073.451,37.51351384,127.00255240,13.86,2.697,8.00
2074.451,37.51353431,127.00257160,13.91,2.783,8.00
2075.451,37.51355208,127.00259500,13.95,2.872,8.00
2076.451,37.51357101,127.00261560,13.99,2.788,8.00
2077.451,37.51358935,127.00263800,13.95,2.866,8.00
2078.451,37.51361239,127.00266140,14.02,3.157,8.00
2079.451,37.51362960,127.00268240,13.84,2.785,8.00
2080.451,37.51364712,127.00270270,13.69,2.610,8.00
2081.451,37.51366324,127.00272110,13.51,2.354,8.00
2082.451,37.51367727,127.00275130,13.01,2.358,8.00
2083.452,37.51369018,127.00277930,13.08,2.432,8.00
2084.452,37.51370106,127.00280040,12.88,2.157,8.00
2085.452,37.51372261,127.00281840,12.86,2.324,8.00
2086.452,37.51373968,127.00284470,12.81,2.518,8.00
2087.452,37.51375631,127.00287040,13.39,2.729,8.00
2088.452,37.51377344,127.00289470,13.51,2.778,8.00
2089.452,37.51378870,127.00292030,13.32,2.756,8.00
2090.452,37.51380224,127.00295110,13.55,3.034,8.00
2091.452,37.51381274,127.00297810,13.46,2.851,8.00
2092.452,37.51382684,127.00300590,13.69,3.018,8.00
2093.452,37.51384033,127.00303050,13.70,2.723,8.00
2094.452,37.51385542,127.00305840,13.70,3.024,8.00
2095.452,37.51386915,127.00308070,13.64,2.544,8.00
2096.452,37.51388310,127.00310750,13.58,2.619,8.00
2097.452,37.51389418,127.00313550,13.56,2.514,8.00
2098.452,37.51390735,127.00316820,13.62,3.016,8.00
2099.452,37.51392158,127.00319540,13.65,3.023,8.00
2100.452,37.51393469,127.00322250,13.59,2.884,8.00
2101.452,37.51394833,127.00325270,13.55,2.988,8.00
2102.452,37.51396154,127.00328220,13.51,2.993,8.00
2103.452,37.51397079,127.00331200,13.51,2.790,8.00
2104.452,37.51398277,127.00334510,13.63,3.063,8.00
2105.452,37.51399485,127.00337200,13.63,2.745,8.00
2106.452,37.51400708,127.00340380,13.76,2.931,8.00
2107.452,37.51401771,127.00342650,13.73,2.607,8.00
2108.452,37.51402970,127.00344400,13.69,2.154,8.00
2109.452,37.51403409,127.00345980,13.63,2.118,8.00
2110.452,37.51404320,127.00349860,13.97,2.312,8.00
2111.452,37.51406175,127.00355230,13.76,3.371,8.00
2112.452,37.51407918,127.00358590,13.80,3.493,8.00
2113.452,37.51409377,127.00361870,13.92,3.495,8.00
2114.452,37.51410845,127.00365040,13.79,3.410,8.00
2115.452,37.51412312,127.00368340,13.76,3.406,8.00
2116.452,37.51413686,127.00371410,13.59,3.227,8.00
2117.452,37.51415421,127.00374350,13.75,3.179,8.00
2118.452,37.51416993,127.00377180,13.75,3.114,8.00
2119.452,37.51418805,127.00380090,13.85,3.305,8.00
2120.453,37.51420507,127.00382460,13.91,2.860,8.00
2121.453,37.51422203,127.00385470,13.87,2.886,8.00
2122.453,37.51423707,127.00388450,13.85,3.100,8.00
2123.453,37.51425427,127.00391400,13.63,3.140,8.00
2124.453,37.51427422,127.00394070,13.57,3.303,8.00
2125.453,37.51429525,127.00396210,13.46,3.184,8.00
2126.453,37.51431222,127.00398280,13.34,2.797,8.00
2127.453,37.51433133,127.00400910,13.44,2.926,8.00
2128.453,37.51434939,127.00403810,13.38,2.952,8.00
2129.453,37.51436678,127.00406840,13.26,3.046,8.00
2130.453,37.51438831,127.00409160,13.29,3.076,8.00
2131.453,37.51440802,127.00411270,13.39,2.908,8.00
2132.453,37.51442928,127.00413670,13.50,3.008,8.00
2133.453,37.51444931,127.00416200,13.44,3.097,8.00
2134.453,37.51447254,127.00418780,13.46,3.416,8.00
2135.453,37.51449252,127.00421000,13.60,3.116,8.00
2136.453,37.51451299,127.00423220,13.65,3.082,8.00
2137.453,37.51453539,127.00425310,13.56,3.218,8.00
2138.453,37.51455849,127.00426610,13.85,3.023,8.00
2139.453,37.51458070,127.00428390,13.88,3.006,8.00
2140.453,37.51460142,127.00430510,13.51,2.991,8.00
2141.453,37.51462581,127.00432490,13.24,3.011,8.00
2142.453,37.51464929,127.00434390,13.31,3.047,8.00
2143.453,37.51466941,127.00436200,13.33,2.721,8.00
2144.453,37.51469573,127.00438510,13.30,3.163,8.00
2145.453,37.51471384,127.00440110,13.53,2.848,8.00
2146.453,37.51473546,127.00441820,13.56,2.817,8.00
2147.453,37.51475417,127.00443730,13.65,2.523,8.00
2148.453,37.51477382,127.00446300,13.73,2.898,8.00
2149.453,37.51479449,127.00448160,13.79,2.796,8.00
2150.453,37.51481261,127.00450090,13.82,2.660,8.00
2151.453,37.51483449,127.00452390,13.47,2.925,8.00
2152.453,37.51484920,127.00454240,13.62,2.616,8.00
2153.453,37.51486631,127.00456620,13.54,2.689,8.00
2154.453,37.51488514,127.00458820,13.55,2.770,8.00
2155.453,37.51490276,127.00460920,13.57,2.704,8.00
2156.453,37.51492261,127.00463110,13.52,2.906,8.00
2157.453,37.51493919,127.00465210,13.52,2.611,8.00
2158.453,37.51495335,127.00467590,13.48,2.626,8.00
2159.453,37.51496726,127.00470450,13.57,2.795,8.00
2160.453,37.51498158,127.00472900,13.42,2.709,8.00
2161.453,37.51499739,127.00475190,13.51,2.693,8.00
2162.453,37.51501514,127.00477510,13.60,2.782,8.00
2163.453,37.51503169,127.00479730,13.55,2.685,8.00
2164.453,37.51504601,127.00482410,13.52,2.761,8.00
2165.453,37.51506019,127.00485010,13.70,2.849,8.00
2166.453,37.51507085,127.00487710,13.90,2.812,8.00
2167.453,37.51508667,127.00490420,13.87,2.799,8.00
2168.453,37.51509951,127.00493180,13.77,2.934,8.00
2169.453,37.51511271,127.00495440,13.83,2.688,8.00
2170.453,37.51512774,127.00498080,13.85,2.785,8.00
2171.453,37.51513699,127.00500830,13.72,2.678,8.00
2172.453,37.51514941,127.00503360,13.72,2.577,8.00
2173.453,37.51516326,127.00506200,13.74,2.720,8.00
2174.453,37.51517944,127.00508880,13.72,2.904,8.00
2175.453,37.51519419,127.00511400,13.59,2.880,8.00
2176.453,37.51520531,127.00513870,13.69,2.688,8.00
2177.453,37.51521904,127.00516340,13.74,2.655,8.00
2178.453,37.51523265,127.00518810,13.89,2.656,8.00
2179.453,37.51524723,127.00521350,13.91,2.682,8.00
2180.453,37.51526204,127.00523700,13.83,2.637,8.00
2181.453,37.51527935,127.00526300,13.77,2.819,8.00
2182.453,37.51529722,127.00528570,13.94,2.834,8.00
2183.453,37.51531370,127.00530810,13.99,2.765,8.00
2184.453,37.51533015,127.00533220,14.04,2.760,8.00
2185.453,37.51534744,127.00535640,14.09,2.798,8.00
2186.453,37.51536439,127.00537930,14.11,2.759,8.00
2187.453,37.51538045,127.00540000,14.14,2.648,8.00
2188.450,37.51539772,127.00542190,14.12,2.655,8.00
2189.450,37.51541504,127.00544560,14.13,2.717,8.00
2190.450,37.51543357,127.00546630,13.97,2.710,8.00
2191.450,37.51545407,127.00548530,13.98,2.765,8.00
2192.450,37.51547451,127.00550480,13.88,2.811,8.00
2193.450,37.51549545,127.00552380,13.76,2.852,8.00
2194.450,37.51551621,127.00554410,13.70,2.906,8.15
2195.450,37.51553568,127.00556730,13.73,2.969,8.14
2196.450,37.51555542,127.00559210,13.75,3.081,8.13
2197.450,37.51557184,127.00561350,13.77,2.992,8.13
2198.450,37.51558768,127.00562850,13.80,2.853,8.12
2199.451,37.51559912,127.00564540,13.77,2.651,8.11
2200.451,37.51562020,127.00565990,13.71,2.669,8.11
2201.451,37.51563707,127.00567720,13.69,2.636,8.10
2202.451,37.51565528,127.00569290,13.82,2.482,8.10
2203.451,37.51567495,127.00570370,14.03,2.565,8.09
2204.451,37.51568699,127.00571240,14.47,2.317,8.09
2205.451,37.51570743,127.00572670,14.67,2.284,8.08
2206.451,37.51572946,127.00574130,14.64,2.271,8.08
2207.451,37.51575475,127.00575170,14.49,2.359,8.08
2208.451,37.51577746,127.00575970,14.48,2.354,8.07
2209.451,37.51580081,127.00577060,14.39,2.389,8.07
2210.451,37.51581485,127.00578350,14.25,2.107,8.07
2211.451,37.51583541,127.00579440,14.12,2.041,8.06
2212.451,37.51585528,127.00580590,13.67,1.919,8.06
2213.451,37.51587484,127.00582620,13.35,1.886,8.06
2214.451,37.51589822,127.00583770,13.36,1.925,8.05
2215.451,37.51592141,127.00584800,13.69,1.991,8.05
2216.452,37.51593793,127.00585050,13.32,1.862,8.05
2217.452,37.51595751,127.00585590,13.09,1.824,8.05
2218.452,37.51597472,127.00586570,12.99,1.716,8.04
2219.452,37.51598963,127.00587170,12.99,1.555,8.04
2220.452,37.51600825,127.00587940,12.57,1.548,8.04
2221.452,37.51602643,127.00588270,12.29,1.622,8.04
2222.452,37.51607526,127.00590140,12.18,2.320,8.04
2223.452,37.51610576,127.00591480,12.46,2.508,8.03
2224.452,37.51613467,127.00593130,12.73,2.689,8.03
2225.452,37.51616427,127.00593240,12.64,2.799,8.03
2226.452,37.51619008,127.00593370,12.48,2.773,8.03
2227.452,37.51621637,127.00593490,12.42,2.694,8.03
2228.452,37.51624250,127.00594200,12.17,2.725,8.03
2229.452,37.51626845,127.00594980,12.10,2.773,8.02
2230.452,37.51629289,127.00595840,11.96,2.745,8.02
2231.452,37.51631912,127.00596520,11.89,2.824,8.02
2232.452,37.51634828,127.00596850,11.93,3.024,8.02
2233.452,37.51637631,127.00597640,11.88,3.064,8.02
2234.452,37.51640344,127.00598150,12.03,2.989,8.02
2235.452,37.51642975,127.00598890,12.03,2.994,8.02
2236.452,37.51646202,127.00600150,12.09,3.488,8.02
2237.452,37.51649621,127.00601380,12.14,3.846,8.02
2238.452,37.51653140,127.00602970,12.22,4.089,8.02
2239.452,37.51656664,127.00605260,12.25,4.295,8.01
2240.452,37.51660044,127.00607400,12.36,4.308,8.01
2241.452,37.51663221,127.00609510,12.48,4.235,8.01
2242.452,37.51666588,127.00610390,12.82,4.112,8.01
2243.452,37.51669663,127.00612250,12.81,3.996,8.01
2244.452,37.51672685,127.00614000,12.81,3.843,8.01
2245.452,37.51675298,127.00616220,12.79,3.611,8.01
2246.452,37.51677938,127.00618350,12.76,3.330,8.01
2247.452,37.51680951,127.00621520,12.76,3.340,8.01
2248.452,37.51683837,127.00623570,12.63,3.197,8.01
2249.452,37.51686605,127.00626050,12.36,3.145,8.01
2250.452,37.51688256,127.00628130,12.40,2.626,8.01
2251.453,37.51690793,127.00630000,12.38,2.513,8.01
2252.453,37.51692617,127.00632770,12.36,2.550,8.01
2253.453,37.51694866,127.00634910,12.32,2.393,8.01
2254.453,37.51698305,127.00636520,12.49,2.533,8.01
2255.453,37.51701416,127.00639730,11.90,2.857,8.01
2256.453,37.51703526,127.00642600,12.03,2.963,8.01
2257.453,37.51705357,127.00644680,12.21,2.865,8.01
2258.453,37.51707389,127.00646880,12.37,2.928,8.01
2259.453,37.51709484,127.00648970,12.53,2.780,8.01
2260.453,37.51711349,127.00651690,12.71,3.010,8.01
2261.453,37.51713609,127.00654000,12.58,3.066,8.00
2262.453,37.51715152,127.00656090,12.50,2.809,8.00
2263.453,37.51717004,127.00658670,12.52,2.808,8.00
2264.453,37.51718667,127.00661320,12.57,2.826,8.00
2265.453,37.51719908,127.00664240,12.72,2.728,8.00
2266.453,37.51721600,127.00666720,12.79,2.715,8.00
2267.453,37.51722734,127.00669860,12.33,2.369,8.00
2268.453,37.51723376,127.00672760,11.81,2.177,8.00
2269.453,37.51725003,127.00675540,12.22,2.137,8.00
2270.453,37.51726367,127.00677810,12.65,2.155,8.00
2271.453,37.51727647,127.00679720,12.53,1.988,8.00
2272.453,37.51729824,127.00682110,12.03,1.984,8.00
2273.453,37.51731250,127.00683940,12.02,1.987,8.00
2274.453,37.51732669,127.00686020,12.26,2.130,8.00
2275.453,37.51734113,127.00688390,12.44,2.174,8.00
2276.453,37.51735365,127.00690440,12.31,2.173,8.00
2277.453,37.51736312,127.00692550,12.44,2.104,8.00
2278.453,37.51737260,127.00694980,12.44,2.209,8.00
2279.453,37.51738396,127.00697690,12.52,2.354,8.00
2280.453,37.51740040,127.00699490,11.92,2.310,8.00
2281.453,37.51741118,127.00701830,11.86,2.390,8.00
2282.453,37.51742454,127.00703840,11.55,2.424,8.00
2283.453,37.51743300,127.00706390,11.30,2.652,8.00
2284.453,37.51744224,127.00709010,11.22,2.796,8.00
2285.453,37.51745754,127.00710570,11.35,2.681,8.00
2286.453,37.51746691,127.00713040,11.26,2.596,8.00
2287.453,37.51746989,127.00716160,10.92,2.575,8.00
2288.453,37.51747253,127.00719000,10.66,2.474,8.00
2289.453,37.51747768,127.00722130,10.78,2.471,8.00
2290.453,37.51747768,127.00724180,10.68,2.135,8.00
2291.453,37.51747962,127.00727150,10.83,2.112,8.00
2292.453,37.51747993,127.00728590,10.95,1.845,8.00
2293.453,37.51748332,127.00730500,10.88,1.863,8.00
2294.453,37.51749537,127.00733670,10.84,2.053,8.00
2295.453,37.51750468,127.00736420,10.89,2.137,8.00
2296.453,37.51751710,127.00739240,11.27,2.294,8.00
2297.453,37.51753202,127.00742170,10.85,2.526,8.00
2298.453,37.51754129,127.00745090,10.68,2.617,8.00
2299.453,37.51754942,127.00747930,10.98,2.727,8.00
2300.453,37.51755249,127.00750770,10.99,2.840,8.00
2301.453,37.51755977,127.00752390,11.69,2.674,8.00
2302.453,37.51756775,127.00755630,11.99,2.891,8.00
2303.453,37.51757774,127.00759120,12.45,3.197,8.00
2304.453,37.51760392,127.00759120,12.74,3.472,8.00
2305.453,37.51764828,127.00759120,13.20,4.186,8.00
2306.454,37.51768955,127.00759120,13.75,4.677,8.00
2307.454,37.51772870,127.00755370,13.86,5.045,8.00
2308.454,37.51777356,127.00755370,13.96,5.132,8.00
2309.454,37.51780922,127.00755370,14.09,4.957,8.00
2310.454,37.51784312,127.00755400,14.28,4.783,8.00
2311.454,37.51789628,127.00756330,15.03,5.148,8.00
2312.454,37.51792732,127.00757810,14.85,4.893,8.00
2313.454,37.51796888,127.00761350,15.02,4.952,8.00
2314.450,37.51802068,127.00764420,14.89,5.269,8.00
2315.450,37.51805504,127.00768550,15.08,5.370,8.00
2316.450,37.51808278,127.00772130,15.44,5.194,8.00
2317.450,37.51812191,127.00776320,15.49,5.599,8.00
2318.450,37.51815820,127.00780840,15.35,5.760,8.00
2319.450,37.51820047,127.00784970,15.72,5.943,8.00
2320.450,37.51824461,127.00789720,15.09,6.265,8.00
2321.450,37.51828711,127.00794330,14.42,6.376,8.00
2322.450,37.51832382,127.00799290,14.61,6.195,8.00
2323.450,37.51837681,127.00805080,14.65,6.925,8.00
2324.450,37.51842043,127.00810170,14.34,6.707,8.00
2325.451,37.51846189,127.00815340,14.60,6.539,8.00
2326.451,37.51850351,127.00820200,14.16,6.344,8.00
2327.451,37.51854505,127.00824380,13.95,5.998,8.00
2328.451,37.51858391,127.00829150,14.09,6.008,8.00
2329.451,37.51862254,127.00833350,14.26,5.842,8.00
2330.451,37.51865772,127.00837590,14.45,5.574,8.00
2331.451,37.51869437,127.00841750,14.42,5.493,8.00
2332.451,37.51873032,127.00845710,14.67,5.319,8.00
2333.451,37.51876659,127.00849680,14.81,5.296,8.00
2334.451,37.51880016,127.00853400,14.85,5.124,8.00
2335.451,37.51883016,127.00857940,13.86,5.104,8.00
2336.451,37.51885269,127.00861460,13.71,4.527,8.00
2337.451,37.51887189,127.00863880,13.27,3.531,8.00
2338.451,37.51893306,127.00864400,13.46,4.352,8.00
2339.451,37.51898277,127.00864450,13.66,4.932,8.00
2340.452,37.51903193,127.00864450,13.66,5.356,8.00
2341.452,37.51906542,127.00864450,13.98,4.502,8.00
2342.452,37.51910239,127.00864450,14.82,4.300,8.00
2343.452,37.51914398,127.00864450,14.79,4.316,8.00
2344.452,37.51918115,127.00864590,14.45,4.167,8.00
2345.452,37.51921926,127.00864910,14.44,4.148,8.00
2346.452,37.51925269,127.00867560,15.04,4.205,8.00
2347.452,37.51928417,127.00869620,15.32,4.142,8.00
2348.452,37.51931112,127.00872330,15.48,3.882,8.00
2349.452,37.51934222,127.00875180,15.44,3.912,8.00
2350.452,37.51936663,127.00878580,15.69,3.896,8.00
2351.452,37.51939117,127.00882110,15.49,4.037,8.00
2352.452,37.51941707,127.00885110,15.60,3.919,8.00
2353.452,37.51944460,127.00887910,15.49,3.878,8.00
2354.452,37.51947062,127.00890480,15.68,3.757,8.00
2355.452,37.51949787,127.00893020,15.29,3.748,8.00
2356.452,37.51952475,127.00895850,15.45,3.830,8.00
2357.452,37.51954886,127.00898900,15.31,3.728,8.00
2358.452,37.51957493,127.00901970,15.31,3.855,8.00
2359.452,37.51959930,127.00904570,15.47,3.593,8.00
2360.452,37.51962523,127.00907570,15.41,3.786,8.00
2361.452,37.51964996,127.00910440,15.40,3.746,8.00
2362.452,37.51967429,127.00913260,15.41,3.609,8.00
2363.452,37.51969967,127.00916010,15.41,3.613,8.00
2364.452,37.51972500,127.00918870,15.53,3.701,8.00
2365.452,37.51975281,127.00921150,15.54,3.582,8.00
2366.452,37.51977572,127.00924330,15.53,3.655,8.00
2367.453,37.51979860,127.00927080,15.42,3.503,8.00
2368.453,37.51982346,127.00929580,15.32,3.475,8.00
2369.453,37.51984687,127.00932410,15.30,3.504,8.00
2370.453,37.51986872,127.00935240,15.36,3.490,8.00
2371.453,37.51988966,127.00938050,15.34,3.438,8.00
2372.453,37.51991335,127.00940410,15.39,3.362,8.00
2373.453,37.51993472,127.00942730,15.37,3.191,8.00
2374.453,37.51995673,127.00945210,15.39,3.176,8.00
2375.453,37.51997833,127.00947550,15.51,3.127,8.00
2376.453,37.52000229,127.00949770,15.47,3.188,8.00
2377.453,37.52002203,127.00952020,15.47,3.010,8.00
2378.453,37.52003785,127.00954720,15.51,2.974,8.00
2379.453,37.52005595,127.00957050,15.49,2.874,8.00
2380.453,37.52007622,127.00959090,15.47,2.840,8.00
2381.453,37.52009731,127.00960860,15.49,2.784,8.00
2382.453,37.52011585,127.00962620,15.50,2.688,8.00
2383.453,37.52014107,127.00965970,15.34,2.919,8.00
2384.453,37.52016668,127.00968690,15.42,3.075,8.00
2385.453,37.52018774,127.00971580,15.26,3.182,8.00
2386.453,37.52021017,127.00974020,15.07,3.182,8.00
2387.453,37.52023527,127.00976380,15.11,3.398,8.00
2388.453,37.52026023,127.00978730,15.08,3.442,8.00
2389.453,37.52028440,127.00981140,14.97,3.444,8.00
2390.453,37.52030647,127.00983560,14.89,3.337,8.00
2391.453,37.52032505,127.00985990,14.59,3.210,8.00
2392.453,37.52034154,127.00987990,14.44,2.874,8.00
2393.453,37.52035201,127.00991500,14.51,2.848,8.00
2394.453,37.52037335,127.00993330,14.27,2.790,8.00
2395.453,37.52039527,127.00995150,14.18,2.911,8.00
2396.453,37.52041626,127.00996800,14.00,2.739,8.00
2397.453,37.52043603,127.00998630,13.97,2.712,8.00
2398.453,37.52045666,127.01000070,14.01,2.615,8.00
2399.453,37.52047780,127.01001500,13.95,2.627,8.00
2400.453,37.52049991,127.01003210,13.98,2.746,8.00
2401.453,37.52052042,127.01004740,13.89,2.681,8.00
2402.453,37.52053953,127.01007170,13.89,2.712,8.00
2403.453,37.52055962,127.01009980,13.97,3.045,8.00
2404.453,37.52057311,127.01012350,13.82,2.927,8.00
2405.453,37.52058854,127.01015190,13.63,3.218,8.00
2406.453,37.52060265,127.01018380,13.43,3.566,8.03
2407.453,37.52061343,127.01019630,13.52,3.387,8.03
2408.453,37.52062988,127.01021470,13.89,3.340,8.03
2409.454,37.52064682,127.01024280,13.92,3.476,8.03
2410.454,37.52067012,127.01027210,13.89,3.570,8.03
2411.454,37.52069691,127.01028780,13.33,3.310,8.03
2412.454,37.52071295,127.01030760,13.11,3.046,8.02
2413.454,37.52072941,127.01032820,12.86,2.950,8.02
2414.454,37.52074612,127.01033890,12.40,2.747,8.02
2415.454,37.52076893,127.01035300,11.98,2.712,8.02
2416.454,37.52078854,127.01036730,11.79,2.316,8.02
2417.454,37.52080892,127.01038790,11.85,2.476,8.02
2418.454,37.52082695,127.01042500,12.08,2.585,8.02
2419.454,37.52084611,127.01043510,11.81,2.571,8.02
2420.454,37.52086011,127.01045320,11.80,2.345,8.02
2421.454,37.52088404,127.01047610,11.16,2.527,8.02
2422.454,37.52090322,127.01048970,11.14,2.248,8.01
2423.454,37.52093116,127.01051600,11.15,2.405,8.01
2424.454,37.52094945,127.01055150,11.41,2.402,8.01
2425.454,37.52097351,127.01058660,11.17,2.767,8.01
2426.454,37.52099578,127.01061510,10.92,3.098,8.01
2427.454,37.52101693,127.01063740,10.85,3.098,8.01
2428.454,37.52103521,127.01066040,10.86,2.912,8.01
2429.454,37.52104918,127.01068300,11.01,2.849,8.01
2430.454,37.52106951,127.01070440,11.17,2.926,8.01
2431.454,37.52108667,127.01072660,11.10,2.708,8.01
2432.454,37.52110723,127.01075060,11.31,2.937,8.01
2433.454,37.52112758,127.01076760,11.37,2.776,8.01
2434.454,37.52114293,127.01079000,11.50,2.538,8.01
2435.454,37.52116678,127.01081750,11.59,2.670,8.01
2436.454,37.52118816,127.01083340,11.76,2.445,8.01
2437.454,37.52122023,127.01086380,12.48,3.024,8.01
2438.454,37.52124144,127.01088910,13.48,3.045,8.01
2439.454,37.52126264,127.01091370,13.50,2.974,8.01
2440.451,37.52128119,127.01093610,13.78,2.640,8.01
2441.451,37.52129677,127.01095810,13.97,2.474,8.01
2442.451,37.52131661,127.01098600,14.05,2.961,8.01
2443.451,37.52133597,127.01100760,14.26,2.881,8.01
2444.451,37.52135261,127.01102830,13.95,2.552,8.00
2445.451,37.52136860,127.01104890,15.04,2.607,8.00
2446.451,37.52138714,127.01107310,15.11,2.793,8.00
2447.451,37.52140176,127.01109490,15.10,2.547,8.00
2448.451,37.52142180,127.01111240,14.98,2.248,8.00
2449.451,37.52144543,127.01114110,15.33,3.006,8.00
2450.451,37.52145966,127.01115380,16.22,2.808,8.00
2451.451,37.52147402,127.01116680,15.95,2.352,8.00
2452.451,37.52149383,127.01118480,16.07,2.630,8.00
2453.451,37.52150934,127.01120260,16.29,2.434,8.00
2454.451,37.52152889,127.01122270,16.44,2.536,8.00
2455.451,37.52154795,127.01124360,16.54,2.627,8.00
2456.451,37.52156258,127.01127120,16.13,2.523,8.00
2457.451,37.52157766,127.01130070,15.99,2.739,8.00
2458.451,37.52158917,127.01133240,16.00,3.199,8.00
2459.452,37.52160112,127.01136140,15.68,2.986,8.00
2460.452,37.52161388,127.01139390,15.51,3.231,8.00
2461.452,37.52162926,127.01142520,15.76,3.349,8.00
2462.452,37.52164202,127.01145630,15.57,3.270,8.01
2463.452,37.52165853,127.01148770,15.88,3.566,8.43
2464.452,37.52167435,127.01150130,15.77,3.021,8.55
2465.452,37.52169439,127.01151010,15.61,2.889,8.55
2466.452,37.52171708,127.01153110,15.30,3.078,8.53
2467.452,37.52174455,127.01154410,14.95,2.596,8.50
2468.452,37.52177170,127.01156740,14.80,3.086,8.52
2469.452,37.52179255,127.01158700,14.69,2.855,8.49
2470.452,37.52181406,127.01160990,14.77,3.092,8.47
2471.452,37.52183934,127.01163070,14.39,3.067,8.44
2472.452,37.52186250,127.01165010,13.97,3.059,8.42
2473.452,37.52188530,127.01166920,14.00,3.036,8.40
2474.452,37.52190798,127.01169190,14.11,2.950,8.38
2475.452,37.52192605,127.01170910,14.30,2.935,8.36
2476.452,37.52194815,127.01172780,14.26,2.759,8.34
2477.452,37.52196802,127.01174770,14.37,2.828,8.33
2478.452,37.52198663,127.01177320,14.11,2.694,8.31
2479.452,37.52200729,127.01179750,14.54,3.018,8.29
2480.453,37.52202097,127.01181830,14.61,2.888,8.28
2481.453,37.52204238,127.01183340,14.48,2.848,8.27
2482.453,37.52205824,127.01184810,14.28,2.474,8.25
2483.453,37.52207970,127.01186930,14.23,2.590,8.24
2484.453,37.52209949,127.01188520,13.81,2.708,8.23
2485.453,37.52211612,127.01189890,13.28,2.566,8.22
2486.453,37.52213874,127.01191690,13.15,2.732,8.21
2487.453,37.52215442,127.01192960,13.66,2.453,8.20
2488.453,37.52217327,127.01194710,13.85,2.633,8.19
2489.453,37.52218995,127.01197200,13.97,2.704,8.18
2490.453,37.52222188,127.01200690,14.39,3.475,8.17
2491.453,37.52224272,127.01203620,14.33,3.486,8.16
2492.453,37.52226483,127.01206140,13.93,3.318,8.15
2493.453,37.52228537,127.01208940,13.75,3.339,8.14
2494.453,37.52230279,127.01211970,13.85,3.371,8.14
2495.453,37.52232546,127.01215040,13.75,3.574,8.13
2496.453,37.52234876,127.01217660,13.93,3.622,8.12
2497.453,37.52236627,127.01219590,14.17,3.445,8.12
2498.453,37.52238743,127.01219680,14.23,3.237,8.11
2499.453,37.52240493,127.01222570,14.38,3.101,8.11
2500.453,37.52241940,127.01224830,15.02,2.761,8.10
2501.453,37.52243681,127.01227400,14.83,2.898,8.10
2502.453,37.52245501,127.01229930,14.66,2.888,8.10
2503.453,37.52247699,127.01232590,14.51,3.006,8.09
2504.453,37.52249552,127.01234990,15.01,2.905,8.09
2505.453,37.52251571,127.01237800,15.08,3.171,8.08
2506.453,37.52253627,127.01240120,15.02,3.038,8.08
2507.453,37.52255893,127.01242700,15.34,3.315,8.07
2508.453,37.52258503,127.01244560,15.68,3.362,8.07
2509.453,37.52260627,127.01246630,15.89,3.187,8.07
2510.453,37.52262860,127.01248810,15.97,3.230,8.06
2511.453,37.52264710,127.01250830,15.88,2.964,8.06
2512.453,37.52266781,127.01253110,15.93,3.011,8.06
2513.453,37.52268702,127.01255460,15.95,2.911,8.05
2514.454,37.52270486,127.01257960,16.16,2.995,8.05
2515.454,37.52272430,127.01260490,16.33,2.959,8.05
2516.454,37.52274362,127.01263290,15.95,3.013,8.05
2517.454,37.52276202,127.01265410,16.08,2.823,8.04
2518.454,37.52278324,127.01267800,16.13,3.025,8.04
2519.454,37.52280785,127.01269800,15.97,3.076,8.04
2520.454,37.52283199,127.01271830,15.97,3.201,8.04
2521.454,37.52285323,127.01273210,16.12,2.784,8.04
2522.454,37.52287746,127.01275000,16.09,3.017,8.03
2523.454,37.52290296,127.01276670,16.27,3.168,8.03
2524.454,37.52292037,127.01278760,16.20,3.164,8.03
2525.454,37.52294410,127.01280440,15.93,2.953,8.03
2526.454,37.52296866,127.01282590,15.95,3.029,8.03
2527.454,37.52299000,127.01284450,16.01,3.015,8.03
2528.454,37.52300464,127.01286530,15.76,2.841,8.03
2529.454,37.52302277,127.01290550,15.56,3.068,8.02
2530.454,37.52303610,127.01293690,15.52,3.068,8.02
2531.454,37.52305777,127.01296140,15.23,2.903,8.02
2532.454,37.52307700,127.01298440,15.01,2.961,8.02
2533.454,37.52309989,127.01300590,14.81,2.962,8.02
2534.454,37.52312223,127.01302660,15.05,2.967,8.02
2535.454,37.52313749,127.01304880,15.30,2.817,8.02
2536.454,37.52315745,127.01307130,15.70,2.895,8.02
2537.454,37.52317526,127.01309060,15.75,2.561,8.02
2538.454,37.52319397,127.01311210,15.73,2.808,8.02
2539.454,37.52321241,127.01313490,15.87,2.929,8.01
2540.454,37.52323213,127.01315620,16.09,2.754,8.01
2541.454,37.52324689,127.01317600,16.05,2.326,8.01
2542.454,37.52326308,127.01320430,16.13,2.794,8.01
2543.454,37.52327903,127.01322580,16.23,2.524,8.01
2544.454,37.52329551,127.01324830,16.20,2.383,8.01
2545.454,37.52331330,127.01327400,16.15,2.511,8.01
2546.454,37.52333020,127.01330000,16.25,2.702,8.01
2547.454,37.52334654,127.01332630,16.24,2.762,8.01
2548.454,37.52336487,127.01334870,16.29,2.735,8.01
2549.454,37.52338410,127.01338150,16.36,3.167,8.01
2550.454,37.52340248,127.01339960,16.18,3.236,8.01
2551.454,37.52342053,127.01341810,16.13,3.083,8.18
2552.455,37.52344205,127.01344130,16.06,2.713,8.18
2553.455,37.52345940,127.01346470,16.10,2.848,8.17
2554.455,37.52347071,127.01348600,16.07,2.918,8.16
2555.455,37.52349334,127.01351750,15.59,2.930,8.15
2556.455,37.52351092,127.01353730,15.64,3.035,8.14
2557.455,37.52352633,127.01355960,15.30,3.502,8.14
2558.455,37.52353959,127.01357250,15.09,2.871,8.13
2559.455,37.52355873,127.01358990,15.28,2.781,8.12
2560.455,37.52357834,127.01361030,15.32,2.814,8.12
2561.455,37.52359110,127.01362920,15.85,2.392,8.17
2562.455,37.52361282,127.01365420,15.92,2.991,8.29
2563.455,37.52363395,127.01368150,16.03,3.042,8.27
2564.455,37.52365516,127.01370190,15.84,2.974,8.26
2565.455,37.52368414,127.01373020,15.93,3.243,8.25
2566.451,37.52369090,127.01374670,15.85,2.680,8.23
2567.451,37.52371197,127.01376950,15.50,2.992,8.22
2568.451,37.52373117,127.01378560,15.32,2.752,8.21
2569.451,37.52374786,127.01380280,15.28,2.554,8.20
2570.451,37.52376238,127.01381880,15.07,2.412,8.19
2571.451,37.52378435,127.01383670,15.44,2.579,8.19
2572.451,37.52380454,127.01385880,15.15,2.749,8.18
2573.451,37.52382522,127.01387050,15.32,2.640,8.17
2574.451,37.52384458,127.01388540,15.66,2.617,8.16
2575.451,37.52386282,127.01390340,16.00,2.644,8.16
2576.451,37.52387544,127.01392290,16.23,2.299,8.15
2577.452,37.52389836,127.01395640,16.35,3.185,8.14
2578.452,37.52392188,127.01398040,16.67,3.371,8.13
2579.452,37.52394336,127.01399870,16.54,3.258,8.13
2580.452,37.52395768,127.01401310,16.33,2.988,8.12
2581.452,37.52397912,127.01403930,16.51,3.227,8.11
2582.452,37.52399654,127.01406930,16.59,3.428,8.11
2583.452,37.52400959,127.01409530,16.56,3.270,8.10
2584.452,37.52403607,127.01411340,16.70,3.332,8.10
2585.452,37.52405698,127.01412950,17.17,3.270,8.09
2586.452,37.52407973,127.01415240,17.27,3.321,8.09
2587.452,37.52409393,127.01417330,17.15,3.112,8.08
2588.452,37.52410632,127.01419540,16.78,2.878,8.08
2589.452,37.52412252,127.01421430,16.95,2.738,8.08
2590.452,37.52414115,127.01423370,17.00,2.671,8.07
2591.452,37.52415796,127.01424630,16.99,2.479,8.07
2592.452,37.52417738,127.01426630,16.56,2.576,8.07
2593.452,37.52419520,127.01428980,16.60,2.859,8.06
2594.452,37.52421377,127.01431180,16.55,2.888,8.06
2595.452,37.52423089,127.01433160,16.76,2.778,8.06
2596.452,37.52424887,127.01435250,16.79,2.691,8.05
2597.452,37.52426698,127.01437250,16.49,2.577,8.05
2598.453,37.52428596,127.01439430,16.55,2.652,8.05
2599.453,37.52430272,127.01441260,16.45,2.549,8.05
2600.453,37.52431924,127.01443160,16.46,2.487,8.04
2601.454,37.52433912,127.01445300,16.24,2.619,8.04
2602.454,37.52435830,127.01447410,16.26,2.788,8.04
2603.454,37.52437742,127.01449180,16.46,2.723,8.04
2604.454,37.52439652,127.01450940,16.37,2.647,8.04
2605.454,37.52441595,127.01452800,16.45,2.675,8.03
2606.454,37.52443376,127.01454810,16.54,2.682,8.03
2607.454,37.52444964,127.01456670,16.76,2.533,8.03
2608.454,37.52446612,127.01458850,16.72,2.568,8.03
2609.454,37.52448669,127.01461170,16.73,2.967,8.03
2610.454,37.52450574,127.01463030,16.83,2.768,8.03
2611.454,37.52452065,127.01465210,16.63,2.687,8.02
2612.454,37.52453858,127.01467370,16.77,2.690,8.02
2613.454,37.52455537,127.01469690,16.71,2.744,8.02
2614.454,37.52457246,127.01472030,16.56,2.734,8.02
2615.454,37.52459211,127.01474160,16.52,2.798,8.02
2616.454,37.52461515,127.01476130,16.46,3.013,8.02
2617.454,37.52463404,127.01477890,16.45,2.603,8.02
2618.454,37.52464911,127.01480210,16.43,2.583,8.02
2619.454,37.52466969,127.01482090,16.59,2.458,8.02
2620.454,37.52468682,127.01483970,16.64,2.366,8.02
2621.454,37.52470463,127.01486300,16.66,2.430,8.05
2622.454,37.52472038,127.01488470,16.60,2.363,8.34
2623.454,37.52473496,127.01490490,16.68,2.346,8.67
2624.454,37.52475283,127.01492940,16.83,2.458,9.04
2625.454,37.52477221,127.01495310,16.82,2.596,9.48
2626.455,37.52479270,127.01497300,16.71,2.719,10.18
2627.455,37.52481214,127.01499540,16.62,2.803,11.49
2628.455,37.52483140,127.01501850,16.45,2.802,12.74
2629.455,37.52484905,127.01504320,16.36,2.809,13.63
2630.455,37.52486866,127.01506860,16.19,2.871,14.73
2631.455,37.52488395,127.01509810,16.13,2.860,15.73
2632.455,37.52489948,127.01512350,16.03,2.808,15.66
2633.455,37.52492294,127.01515070,15.98,2.887,16.84
2634.455,37.52494512,127.01517860,15.87,2.986,17.03
2635.455,37.52496582,127.01520830,15.67,3.149,17.41
2636.455,37.52498555,127.01523690,15.59,3.092,17.61
2637.455,37.52501577,127.01526720,15.82,3.249,18.00
2638.455,37.52504383,127.01528600,15.73,3.191,17.50
2639.455,37.52505228,127.01532250,15.52,3.129,17.02
2640.455,37.52508611,127.01535230,14.15,3.388,16.63
2641.455,37.52510563,127.01538560,14.13,3.437,16.22
2642.455,37.52513692,127.01540950,13.86,3.671,15.81
2643.455,37.52515928,127.01545190,13.48,3.667,15.42
2644.455,37.52519040,127.01548040,14.29,3.627,15.05
2645.455,37.52522177,127.01550750,16.00,3.621,14.70
2646.455,37.52524673,127.01553570,15.90,3.522,14.36
2647.455,37.52527157,127.01556500,16.22,3.546,14.04
2648.455,37.52529385,127.01559760,16.26,3.631,13.74
2649.455,37.52531383,127.01562370,16.80,3.544,13.45
2650.455,37.52533328,127.01564800,16.90,3.446,13.18
2651.455,37.52535581,127.01567110,17.00,3.342,12.92
2652.455,37.52537950,127.01569510,16.89,3.288,12.68
2653.455,37.52540344,127.01572060,16.73,3.319,12.44
2654.455,37.52542613,127.01574820,16.52,3.309,12.22
2655.455,37.52544610,127.01577400,16.39,3.288,12.01
2656.455,37.52546635,127.01579520,16.24,3.131,11.81
2657.455,37.52548566,127.01582140,16.09,3.130,11.62
2658.455,37.52550797,127.01584810,15.95,3.237,11.44
2659.455,37.52552734,127.01587510,15.90,3.227,11.27
2660.456,37.52554834,127.01590320,15.76,3.350,11.10
2661.456,37.52557043,127.01592640,15.73,3.360,10.95
2662.456,37.52559177,127.01595160,15.77,3.394,10.80
2663.456,37.52561064,127.01597790,15.86,3.375,10.66
2664.456,37.52562884,127.01600230,15.94,3.206,10.53
2665.456,37.52565034,127.01602470,16.11,3.163,10.40
2666.456,37.52566722,127.01605050,15.87,3.021,10.28
2667.456,37.52568672,127.01607830,16.16,3.394,10.17
2668.456,37.52570587,127.01609690,16.33,3.304,10.06
2669.456,37.52573018,127.01612280,16.41,3.600,9.96
2670.456,37.52574991,127.01614220,16.40,3.243,9.86
2671.456,37.52576937,127.01616400,16.34,3.074,9.76
2672.456,37.52578457,127.01618690,16.08,2.854,9.68
2673.456,37.52580220,127.01621120,15.96,2.759,9.59
2674.456,37.52582172,127.01623690,15.85,2.998,9.51
2675.456,37.52583990,127.01625790,15.83,2.774,9.44
2676.456,37.52585860,127.01628110,15.95,2.798,9.37
2677.456,37.52587631,127.01630300,15.89,2.744,9.30
2678.456,37.52589708,127.01632340,15.87,2.835,9.23
2679.456,37.52591607,127.01634280,16.04,2.787,9.17
2680.456,37.52593541,127.01636800,15.99,2.894,9.11
2681.456,37.52596017,127.01639340,15.93,3.354,9.06
2682.456,37.52598626,127.01642300,15.82,3.753,9.00
2683.456,37.52601634,127.01645840,15.93,4.618,8.95
2684.456,37.52605397,127.01649770,16.08,5.353,8.91
2685.456,37.52608751,127.01654280,15.82,5.734,8.86
2686.456,37.52612442,127.01658790,15.65,5.858,8.82
2687.456,37.52615145,127.01662220,15.58,4.933,8.78
2688.456,37.52618038,127.01666680,15.66,5.047,8.74
2689.456,37.52620973,127.01671050,15.40,5.072,8.70
2690.456,37.52625029,127.01675530,15.81,5.546,8.67
2691.456,37.52629106,127.01679750,15.34,5.717,8.63
2692.453,37.52633013,127.01684390,14.93,5.858,8.60
2693.453,37.52637024,127.01689760,15.28,6.206,8.54
2694.453,37.52641298,127.01694890,15.14,6.436,8.49
2695.453,37.52645913,127.01700120,15.74,6.671,8.41
2696.453,37.52649853,127.01705600,17.16,6.583,8.35
2697.453,37.52654622,127.01710300,16.65,6.555,8.29
2698.453,37.52658832,127.01715390,16.55,6.518,8.24
2699.453,37.52662982,127.01720490,16.42,6.455,8.20
2700.453,37.52666992,127.01725360,16.61,6.301,8.17
2701.453,37.52670877,127.01729890,16.31,6.053,8.14
2702.453,37.52670877,127.01734160,16.75,5.806,8.13
2703.453,37.52672049,127.01738660,16.60,5.732,8.11
2704.453,37.52674617,127.01759790,16.37,5.775,22.30
2705.453,37.52674769,127.01763930,16.44,5.397,22.75
2706.453,37.52674769,127.01767400,20.14,4.809,23.88
2707.453,37.52678212,127.01771790,20.67,5.066,23.98
2708.453,37.52681688,127.01776220,19.59,5.293,24.18
2709.453,37.52684301,127.01779630,17.78,5.078,23.21
2710.453,37.52687437,127.01783860,18.57,4.952,23.86
2711.453,37.52690388,127.01787830,18.98,4.851,23.43
2712.453,37.52693225,127.01791650,18.69,4.723,23.32
2713.453,37.52696360,127.01795700,18.78,4.659,23.26
2714.453,37.52699015,127.01799170,18.33,4.439,23.92
2715.453,37.52701655,127.01802620,18.34,4.342,24.35
2716.454,37.52704190,127.01805930,17.84,4.126,24.54
2717.454,37.52706431,127.01808990,17.89,4.032,24.98
2718.454,37.52708924,127.01812310,17.65,3.907,24.83
2719.454,37.52711557,127.01815770,17.95,4.007,24.97
2720.454,37.52713662,127.01818530,17.77,3.530,24.48
2721.454,37.52716105,127.01821800,17.60,3.481,24.97
2722.454,37.52718690,127.01825140,17.50,3.874,24.75
2723.454,37.52720903,127.01828000,17.58,3.682,24.95
2724.454,37.52723126,127.01830860,18.12,3.587,25.54
2725.454,37.52725531,127.01833970,17.82,3.711,25.75
2726.454,37.52727776,127.01836870,17.55,3.623,25.75
2727.454,37.52730059,127.01839810,17.38,3.591,26.09
2728.454,37.52732252,127.01842640,17.38,3.519,26.23
2729.454,37.52734494,127.01842640,17.20,3.511,26.49
2730.454,37.52736746,127.01842640,17.34,3.534,26.42
2731.454,37.52755289,127.01837030,17.07,3.537,8.02
2732.454,37.52757579,127.01837030,16.97,3.463,8.02
2733.454,37.52759549,127.01837030,16.82,3.433,8.02
2734.454,37.52761797,127.01839860,16.94,3.499,8.02
2735.454,37.52764036,127.01842420,16.70,3.436,8.02
2736.454,37.52766292,127.01844970,16.13,3.406,8.02
2737.454,37.52768589,127.01847240,16.38,3.313,8.02
2738.454,37.52770730,127.01849930,16.31,3.336,8.01
2739.454,37.52773555,127.01851890,15.68,3.538,8.01
2740.454,37.52774873,127.01855000,16.68,3.111,8.01
2741.454,37.52777317,127.01856910,16.88,3.122,8.01
2742.454,37.52779244,127.01859830,16.06,3.116,8.01
2743.454,37.52781326,127.01862460,15.92,3.181,8.01
2744.455,37.52783445,127.01864810,15.90,3.151,8.01
2745.455,37.52785375,127.01867330,15.69,3.102,8.01
2746.455,37.52787282,127.01869810,15.82,3.032,8.01
2747.455,37.52789833,127.01872330,16.21,3.312,8.01
2748.455,37.52791163,127.01874930,15.52,2.851,8.01
2749.455,37.52793669,127.01877160,15.88,3.086,8.01
2750.455,37.52795340,127.01879270,15.81,2.786,8.01
2751.455,37.52797369,127.01881960,16.01,3.047,8.01
2752.455,37.52799087,127.01884250,16.02,2.894,8.01
2753.455,37.52801144,127.01886450,16.12,2.898,8.01
2754.455,37.52802932,127.01888770,16.12,2.888,8.01
2755.455,37.52805016,127.01891000,16.22,3.070,8.01
2756.455,37.52807057,127.01892960,16.16,2.930,8.01
2757.455,37.52808769,127.01895650,16.01,3.022,8.01
2758.455,37.52810353,127.01898200,16.04,2.783,8.01
2759.455,37.52812551,127.01900790,16.14,3.224,8.01
2760.455,37.52814276,127.01902890,15.94,2.916,8.00
2761.455,37.52816461,127.01905070,16.03,3.027,8.00
2762.455,37.52818453,127.01907130,15.99,2.871,8.00
2763.455,37.52820253,127.01909460,16.01,2.778,8.00
2764.455,37.52822010,127.01911950,16.00,2.819,8.00
2765.455,37.52823907,127.01914290,16.16,2.898,8.00
2766.455,37.52825556,127.01916350,16.00,2.698,8.00
2767.455,37.52827354,127.01918490,15.99,2.732,8.00
2768.455,37.52829104,127.01920500,15.92,2.597,8.00
2769.455,37.52830902,127.01922460,15.96,2.585,8.00
2770.455,37.52832603,127.01924640,15.79,2.517,8.00
2771.455,37.52834455,127.01926670,15.71,2.646,8.00
2772.455,37.52836453,127.01928140,15.60,2.619,8.00
2773.455,37.52837954,127.01930890,15.67,2.568,8.00
2774.455,37.52840171,127.01933090,16.26,3.166,8.00
2775.455,37.52842305,127.01935270,16.45,3.124,8.00
2776.456,37.52843540,127.01936610,16.53,2.713,8.00
2777.456,37.52845555,127.01938790,16.70,2.836,8.00
2778.456,37.52847070,127.01940890,16.66,2.657,8.00
2779.456,37.52848823,127.01942930,16.49,2.597,8.00
2780.456,37.52850529,127.01945070,16.38,2.617,8.00
2781.456,37.52852383,127.01947440,16.21,2.823,8.00
2782.456,37.52854279,127.01949390,16.14,2.702,8.00
2783.456,37.52855561,127.01951640,16.12,2.518,8.00
2784.456,37.52856998,127.01954350,16.19,2.671,8.00
2785.456,37.52858486,127.01957280,16.18,2.870,8.00
2786.456,37.52859916,127.01959850,16.30,2.861,8.00
2787.456,37.52861206,127.01962900,16.33,2.941,8.00
2788.456,37.52861206,127.01965580,16.37,2.697,8.00
2789.456,37.52861206,127.01968380,16.16,2.617,8.00
2790.456,37.52855586,127.01976130,16.21,2.615,8.00
2791.456,37.52855586,127.01978910,16.19,2.601,8.00
2792.456,37.52855586,127.01981690,16.28,2.582,8.00
2793.456,37.52856283,127.01984010,16.29,2.355,8.00
2794.456,37.52857034,127.01986510,16.34,2.322,8.00
2795.456,37.52857639,127.01988520,16.54,2.098,8.00
2796.456,37.52858378,127.01990980,16.49,2.135,8.00
2797.456,37.52859037,127.01993170,16.42,2.119,12.73
2798.456,37.52859660,127.01995240,16.31,2.036,13.10
2799.456,37.52860279,127.01997300,16.24,1.985,13.31
2800.456,37.52860885,127.01999310,16.26,1.951,13.36
2801.456,37.52861486,127.02001310,16.23,1.916,13.51
2802.456,37.52862033,127.02003130,16.22,1.811,13.52
2803.456,37.52862535,127.02004800,16.29,1.671,13.67
2804.456,37.52863042,127.02006480,16.30,1.584,13.81
2805.456,37.52863534,127.02008120,16.26,1.551,14.12
2806.456,37.52864044,127.02009810,16.38,1.629,14.76
2807.456,37.52864680,127.02011930,16.40,2.029,15.96
2808.456,37.52864680,127.02011930,16.34,1.904,18.01
2809.456,37.52864680,127.02011930,16.21,1.221,20.78
2810.457,37.52864650,127.02011830,15.91,0.732,23.47
2811.457,37.52863729,127.02008770,15.75,0.659,24.64
2812.457,37.52862875,127.02005930,15.68,0.716,24.50
2813.457,37.52862097,127.02003340,15.67,0.770,23.15
2814.457,37.52861271,127.02000590,15.66,0.620,21.97
2815.457,37.52860363,127.01997570,15.68,0.630,20.91
2816.457,37.52859355,127.01994220,15.61,0.758,20.03
2817.457,37.52858257,127.01990570,15.51,0.732,18.94
2818.453,37.52857010,127.01986430,15.33,0.757,18.13
2819.453,37.52855753,127.01982250,15.12,1.320,17.33
2820.453,37.52854135,127.01976870,15.25,1.074,16.70
2821.453,37.52852417,127.01971150,15.30,1.076,15.74
2822.453,37.52850737,127.01965570,15.29,0.485,14.53
2823.453,37.52849025,127.01959880,15.47,0.530,8.00
2824.453,37.52846357,127.01951000,15.04,4.011,8.00
2825.453,37.52843692,127.01942150,15.16,6.607,8.00
2826.454,37.52841466,127.01934740,15.32,7.045,8.00
2827.454,37.52839010,127.01928840,15.40,6.785,8.00
2828.454,37.52837556,127.01921740,15.53,6.910,8.00
2829.454,37.52835270,127.01915230,15.48,7.001,8.00
2830.454,37.52832766,127.01908950,15.60,6.878,8.00
2831.454,37.52830344,127.01902890,15.64,6.739,8.00
2832.454,37.52816577,127.01902070,15.58,6.730,8.00
2833.454,37.52812662,127.01897010,15.53,6.462,8.00
2834.454,37.52808680,127.01891550,15.51,6.492,8.00
2835.454,37.52804576,127.01886940,15.70,6.282,8.00
2836.454,37.52800692,127.01882360,15.80,6.062,8.00
2837.454,37.52796996,127.01878080,15.74,5.784,8.00
2838.454,37.52793362,127.01874240,15.54,5.500,8.00
2839.454,37.52790242,127.01870150,15.51,5.210,8.00
2840.454,37.52787028,127.01865890,15.42,5.195,8.00
2841.454,37.52783770,127.01861930,15.50,5.099,8.00
2842.454,37.52780605,127.01858130,15.49,4.960,8.00
2843.454,37.52777345,127.01854570,15.57,4.853,8.00
2844.454,37.52774460,127.01850790,15.52,4.722,8.00
2845.454,37.52771527,127.01846800,15.16,4.789,8.00
2846.454,37.52768681,127.01843670,15.63,4.289,8.00
2847.454,37.52765721,127.01840370,15.75,4.254,8.00
2848.454,37.52762895,127.01836700,15.69,4.351,8.00
2849.454,37.52761212,127.01832730,17.37,4.111,8.00
2850.454,37.52758115,127.01829820,16.52,4.114,8.00
2851.454,37.52755483,127.01826690,16.51,4.058,8.00
2852.454,37.52752910,127.01823710,16.45,3.980,8.00
2853.454,37.52750218,127.01820840,16.60,3.934,8.00
2854.454,37.52748035,127.01817860,16.54,3.590,8.00
2855.455,37.52745190,127.01815070,16.50,3.863,8.00
2856.455,37.52742937,127.01812120,16.31,3.699,8.00
2857.455,37.52740511,127.01809390,16.32,3.655,8.00
2858.455,37.52738643,127.01806240,16.40,3.450,8.00
2859.455,37.52736173,127.01803440,16.31,3.539,8.00
2860.455,37.52733366,127.01800990,15.77,3.672,8.00
2861.455,37.52730896,127.01798250,15.81,3.573,8.00
2862.455,37.52728662,127.01795890,15.73,3.431,8.00
2863.455,37.52726354,127.01793050,15.77,3.505,8.00
2864.455,37.52724564,127.01790150,15.68,3.390,8.00
2865.455,37.52721891,127.01787720,15.65,3.420,8.00
2866.455,37.52719572,127.01784900,15.66,3.364,8.00
2867.455,37.52717522,127.01782090,15.63,3.362,8.00
2868.455,37.52715500,127.01779710,15.55,3.276,8.00
2869.455,37.52713502,127.01777130,15.58,3.297,8.00
2870.455,37.52711405,127.01774690,15.46,3.225,8.00
2871.455,37.52709317,127.01771910,15.42,3.292,8.00
2872.455,37.52707501,127.01769410,15.32,3.199,8.00
2873.455,37.52705299,127.01766980,15.26,3.267,8.00
2874.455,37.52703191,127.01764520,15.29,3.296,8.00
2875.455,37.52701040,127.01761850,14.99,3.400,8.00
2876.455,37.52699159,127.01759080,15.12,3.250,8.00
2877.455,37.52696913,127.01759080,15.02,3.165,8.00
2878.455,37.52694674,127.01759080,14.93,3.088,8.00
2879.455,37.52679861,127.01763000,15.06,3.137,20.77
2880.455,37.52677948,127.01763000,14.97,3.090,21.12
2881.455,37.52675997,127.01763000,14.99,3.126,20.89
2882.455,37.52674121,127.01760610,14.81,3.170,20.40
2883.455,37.52672277,127.01758260,14.76,2.845,20.39
2884.455,37.52669929,127.01755310,14.75,3.571,21.07
2885.455,37.52668239,127.01753190,14.50,3.070,20.17
2886.455,37.52665857,127.01750190,14.73,3.578,19.94
2887.456,37.52663863,127.01747690,14.69,3.467,19.64
2888.456,37.52663292,127.01746970,14.78,1.606,20.39
2889.456,37.52659999,127.01742830,14.84,3.765,18.87
2890.456,37.52658042,127.01740370,14.89,3.750,21.26
2891.456,37.52655479,127.01737150,14.82,4.594,23.80
2892.456,37.52654816,127.01736320,14.76,2.756,18.30
2893.456,37.52654816,127.01733540,14.24,2.787,14.63
2894.456,37.52654816,127.01730860,14.74,3.381,19.41
2895.456,37.52656549,127.01714600,14.69,3.228,8.00
2896.456,37.52656549,127.01711230,14.73,3.214,8.00
2897.456,37.52656549,127.01709260,15.35,2.771,8.00
2898.456,37.52654125,127.01707440,14.55,2.894,8.00
2899.456,37.52652278,127.01706080,14.55,2.469,8.00
2900.456,37.52651028,127.01701100,15.16,3.648,8.00
2901.456,37.52649456,127.01699300,15.01,5.035,8.00
2902.456,37.52646946,127.01695500,14.98,2.119,8.00
2903.456,37.52645079,127.01694590,15.20,3.604,8.00
2904.456,37.52643345,127.01693450,15.63,2.759,8.00
2905.456,37.52641251,127.01690940,15.39,2.980,8.00
2906.456,37.52638883,127.01688770,15.84,3.189,8.00
2907.456,37.52635869,127.01686040,15.06,4.051,8.00
2908.456,37.52633279,127.01683320,15.38,3.989,8.00
2909.456,37.52630022,127.01679290,14.96,4.683,8.00
2910.456,37.52625505,127.01673800,15.28,5.877,8.00
2911.456,37.52621547,127.01668690,14.99,6.138,8.00
2912.456,37.52616921,127.01663370,14.47,6.517,8.00
2913.456,37.52613156,127.01657420,14.04,6.710,8.00
2914.456,37.52608222,127.01650570,14.64,7.451,8.00
2915.456,37.52604714,127.01644690,14.65,6.754,8.00
2916.456,37.52600259,127.01638630,14.41,6.993,8.00
2917.456,37.52594491,127.01632290,14.50,7.615,8.00
2918.456,37.52588907,127.01625970,13.99,8.090,8.00
2919.456,37.52583273,127.01619630,14.18,8.397,8.00
2920.457,37.52578345,127.01613810,14.97,8.154,8.00
2921.457,37.52573672,127.01607070,14.50,8.020,8.00
2922.457,37.52568973,127.01600200,14.75,7.974,8.00
2923.457,37.52564514,127.01594940,14.61,7.410,8.00
2924.457,37.52559438,127.01589200,13.96,7.231,8.00
2925.457,37.52554026,127.01583710,13.84,7.240,8.00
2926.457,37.52549171,127.01578230,14.23,7.144,8.00
2927.457,37.52545835,127.01572610,14.32,6.483,8.00
2928.457,37.52541833,127.01566790,13.69,6.424,8.00
2929.457,37.52538666,127.01561690,13.51,6.015,8.00
2930.457,37.52533098,127.01557650,12.99,6.174,8.00
2931.457,37.52528355,127.01551850,13.08,6.562,8.00
2932.457,37.52524602,127.01546350,12.99,6.297,8.00
2933.457,37.52519941,127.01541000,12.52,6.529,8.00
2934.457,37.52515769,127.01536350,12.50,6.298,8.00
2935.457,37.52512448,127.01532860,12.94,5.426,8.00
2936.457,37.52509346,127.01530090,13.14,4.699,8.00
2937.457,37.52504662,127.01527650,13.74,5.055,8.00
2938.457,37.52500653,127.01527000,13.51,4.530,8.00
2939.457,37.52497420,127.01525640,13.36,4.067,8.00
2940.457,37.52492926,127.01525430,13.83,4.415,8.00
2941.457,37.52488761,127.01525220,13.97,4.331,8.00
2942.457,37.52486178,127.01525220,13.84,3.613,8.00
2943.457,37.52484605,127.01525430,13.65,2.634,9.01
2944.454,37.52480410,127.01528660,13.58,3.481,10.01
2945.454,37.52478842,127.01529300,13.46,3.158,10.82
2946.454,37.52478228,127.01532980,13.44,2.769,11.24
2947.454,37.52477927,127.01537560,12.94,2.640,11.69
2948.454,37.52477026,127.01540020,13.07,2.087,12.31
2949.454,37.52476315,127.01541350,12.96,1.609,12.75
2950.454,37.52475922,127.01543690,12.67,1.644,13.85
2951.454,37.52475541,127.01544370,12.85,1.192,13.56
2952.454,37.52475493,127.01544890,12.77,0.817,14.06
2953.454,37.52474720,127.01545540,12.72,0.711,14.34
2954.454,37.52474102,127.01546620,12.59,0.617,14.78
2955.454,37.52473534,127.01546650,12.37,0.905,15.66
2956.454,37.52470562,127.01546650,13.16,1.421,16.18
2957.454,37.52469149,127.01546650,13.21,1.061,16.13
2958.454,37.52465961,127.01545440,13.70,1.246,16.38
2959.454,37.52463498,127.01545440,13.60,1.629,16.16
2960.454,37.52460166,127.01545440,13.12,2.170,15.85
2961.454,37.52459632,127.01546770,12.66,2.498,15.66
2962.454,37.52458647,127.01546830,12.52,0.998,15.34
2963.454,37.52458574,127.01547130,12.37,0.942,14.97
2964.454,37.52458574,127.01550460,12.19,1.245,15.08
2965.454,37.52457897,127.01553390,12.11,1.501,14.87
2966.454,37.52457897,127.01558040,11.98,1.620,15.03
2967.454,37.52457897,127.01558040,12.48,0.745,14.68
2968.454,37.52461831,127.01558040,13.57,1.094,14.75
2969.454,37.52463407,127.01558270,14.15,0.933,14.98
2970.454,37.52463866,127.01558270,14.61,0.813,15.32
2971.454,37.52463919,127.01558270,15.19,0.914,15.22
2972.454,37.52464146,127.01559560,15.38,0.610,15.00
2973.454,37.52464274,127.01560970,15.13,0.095,14.74
2974.454,37.52464356,127.01561880,14.77,0.039,14.82
2975.454,37.52464393,127.01562400,15.23,0.042,14.58
2976.454,37.52464393,127.01562500,15.49,0.112,14.25
2977.454,37.52464692,127.01562660,15.52,0.010,14.22
2978.454,37.52465833,127.01563100,15.63,0.056,14.11
2979.454,37.52465833,127.01563850,16.12,0.048,13.85
2980.454,37.52465833,127.01564180,16.20,0.127,13.55
2981.455,37.52465723,127.01565030,15.59,0.055,13.28
2982.455,37.52465205,127.01565560,15.48,0.063,13.26
2983.455,37.52463827,127.01566670,15.37,0.195,13.12
2984.455,37.52463210,127.01566870,15.27,0.252,13.01
2985.455,37.52463165,127.01567350,15.05,0.193,12.76
2986.455,37.52463112,127.01567350,14.39,0.115,12.55
2987.455,37.52463049,127.01567500,13.76,0.582,12.32
2988.455,37.52462942,127.01567380,12.50,0.507,12.11
2989.455,37.52462542,127.01567350,12.52,0.009,11.90
2990.455,37.52462484,127.01567070,12.50,0.157,11.71
2991.455,37.52462484,127.01567380,13.30,0.658,11.52
2992.455,37.52462047,127.01567380,12.28,0.838,11.35
2993.455,37.52462047,127.01567555,12.14,0.000,11.18
2994.455,37.52462047,127.01568040,12.14,0.000,11.02
