{
  "type": "FeatureCollection",
  "features": [
    {
      "type": "Feature",
      "properties": {
        "name": "sensor-2026-08-09",
        "distance_km": 2.45,
        "gps_accuracy_median_m": 14.15
      },
      "geometry": {
        "type": "LineString",
        "coordinates": [
          [
            127.10433034288668,
            37.184889606680635
          ],
          [
            127.10433707024727,
            37.18488299908078
          ],
          [
            127.10436776959257,
            37.18488671987321
          ],
          [
            127.10437765485494,
            37.18488886364499
          ],
          [
            127.10438859037087,
            37.18489632175157
          ],
          [
            127.10439949526689,
            37.18490922233835
          ],
          [
            127.10440474735574,
            37.1849046292933
          ],
          [
            127.10440491460709,
            37.18490349691317
          ],
          [
            127.10440378272361,
            37.18490587008201
          ],
          [
            127.10440320373867,
            37.18490642035616
          ],
          [
            127.10440320373866,
            37.184906420356285
          ],
          [
            127.10440294996121,
            37.184908047380326
          ],
          [
            127.10440294996121,
            37.184908047380326
          ],
          [
            127.10440294996121,
            37.184908047380326
          ],
          [
            127.10440294996121,
            37.184908047380326
          ],
          [
            127.10440294996121,
            37.184908047380326
          ],
          [
            127.10440294996121,
            37.184908047380326
          ],
          [
            127.10440294996121,
            37.184908047380326
          ],
          [
            127.10440294996121,
            37.184908047380326
          ],
          [
            127.10440294996121,
            37.184908047380326
          ],
          [
            127.10440294996121,
            37.184908047380326
          ],
          [
            127.10440294996121,
            37.184908047380326
          ],
          [
            127.10439978392137,
            37.18490544831233
          ],
          [
            127.10439978392137,
            37.18490544831233
          ],
          [
            127.10439978392137,
            37.18490544831233
          ],
          [
            127.10440476523078,
            37.18490013567663
          ],
          [
            127.10440002628036,
            37.184901773932175
          ],
          [
            127.10439459044268,
            37.184905013698305
          ],
          [
            127.10439209908768,
            37.18490717618293
          ],
          [
            127.10439289181517,
            37.18490582694872
          ],
          [
            127.10438866734829,
            37.18489065620977
          ],
          [
            127.10438844564848,
            37.18489776944719
          ],
          [
            127.1043889552721,
            37.18489810916117
          ],
          [
            127.10437990208546,
            37.184892729352114
          ],
          [
            127.10437702097414,
            37.18488765763252
          ],
          [
            127.10437447971594,
            37.18488423844614
          ],
          [
            127.10437609075164,
            37.1848871128071
          ],
          [
            127.10437920582142,
            37.1848842092744
          ],
          [
            127.10438040814546,
            37.1848863788175
          ],
          [
            127.1043788491699,
            37.184884180491274
          ],
          [
            127.10437924585956,
            37.18488303146962
          ],
          [
            127.10437212956269,
            37.184883347796266
          ],
          [
            127.10436611128134,
            37.18488283273594
          ],
          [
            127.10436077386962,
            37.18488331204279
          ],
          [
            127.10435179269626,
            37.184876881775125
          ],
          [
            127.1043475969193,
            37.18487390127204
          ],
          [
            127.10433908946004,
            37.18487094514001
          ],
          [
            127.10432989681414,
            37.184865466193756
          ],
          [
            127.10432394514257,
            37.184860440892585
          ],
          [
            127.10431778061296,
            37.18485912126243
          ],
          [
            127.10432067867204,
            37.18486772223194
          ],
          [
            127.10432504751022,
            37.18486910575888
          ],
          [
            127.10432856370065,
            37.18486844461078
          ],
          [
            127.10433378775477,
            37.1848718457786
          ],
          [
            127.104337659951,
            37.184873888410706
          ],
          [
            127.10434137041241,
            37.18487418327465
          ],
          [
            127.10433663795278,
            37.184873128335376
          ],
          [
            127.10433332327457,
            37.184868913952386
          ],
          [
            127.10433055051013,
            37.18487027074193
          ],
          [
            127.10432791518105,
            37.18486942738534
          ],
          [
            127.10432047341392,
            37.184861391269116
          ],
          [
            127.10432276094758,
            37.184868077622795
          ],
          [
            127.10432278397421,
            37.184868042834225
          ],
          [
            127.10432380617937,
            37.18487017550611
          ],
          [
            127.10433047091351,
            37.184879819186776
          ],
          [
            127.10433070223765,
            37.18488412518947
          ],
          [
            127.10432435851438,
            37.184875664167755
          ],
          [
            127.1043222509432,
            37.18487177925119
          ],
          [
            127.10432061713965,
            37.18487443389724
          ],
          [
            127.10432256917491,
            37.1848740572977
          ],
          [
            127.10432222964405,
            37.18487283553397
          ],
          [
            127.1043211958222,
            37.18486896735675
          ],
          [
            127.10429780305327,
            37.184862000732956
          ],
          [
            127.10428639427646,
            37.18485847111524
          ],
          [
            127.10426837298475,
            37.184863889431604
          ],
          [
            127.10424376223428,
            37.184860442668324
          ],
          [
            127.10421998372263,
            37.1848684685442
          ],
          [
            127.10419814454409,
            37.184878906928674
          ],
          [
            127.10417027041694,
            37.18489118322551
          ],
          [
            127.10414980014487,
            37.18490920931322
          ],
          [
            127.10412387984906,
            37.1849200482866
          ],
          [
            127.10410143243955,
            37.18493432850846
          ],
          [
            127.10407702602998,
            37.18494833672678
          ],
          [
            127.10405381307925,
            37.18496260628773
          ],
          [
            127.10403438444307,
            37.18497837253668
          ],
          [
            127.10401243152221,
            37.184994325059705
          ],
          [
            127.10398170588482,
            37.18500812921048
          ],
          [
            127.103956116377,
            37.1850262489812
          ],
          [
            127.10393143263468,
            37.185046324020696
          ],
          [
            127.10390446036,
            37.185059787024926
          ],
          [
            127.10387017808611,
            37.18507566474176
          ],
          [
            127.10383988893116,
            37.18509386702373
          ],
          [
            127.10380747354795,
            37.18511452285482
          ],
          [
            127.10377122511598,
            37.18512946726762
          ],
          [
            127.1037322586818,
            37.18514203790894
          ],
          [
            127.10370346022906,
            37.18515228076691
          ],
          [
            127.10367088944882,
            37.18516437228776
          ],
          [
            127.10364300834357,
            37.18518290242922
          ],
          [
            127.10361730153252,
            37.185203612009154
          ],
          [
            127.10358647585893,
            37.18521694198737
          ],
          [
            127.1035547981834,
            37.185231971732186
          ],
          [
            127.10352113384215,
            37.18524146812171
          ],
          [
            127.10349057432535,
            37.18525608602752
          ],
          [
            127.10346129246722,
            37.18527582838204
          ],
          [
            127.10343626126105,
            37.1852993882126
          ],
          [
            127.10341460063879,
            37.18532661161412
          ],
          [
            127.10339522746224,
            37.18535104051796
          ],
          [
            127.10338019902476,
            37.18537837384517
          ],
          [
            127.10337346910022,
            37.185402817296826
          ],
          [
            127.1033621842956,
            37.185429223411795
          ],
          [
            127.10338981353144,
            37.185438610987426
          ],
          [
            127.10337195204902,
            37.18545018258641
          ],
          [
            127.10333850628604,
            37.185455996376426
          ],
          [
            127.10330561029211,
            37.1854625310986
          ],
          [
            127.10327262598427,
            37.18547721265707
          ],
          [
            127.1032455494657,
            37.185494041046056
          ],
          [
            127.10323411849683,
            37.18551133477917
          ],
          [
            127.10320127889604,
            37.18552959870206
          ],
          [
            127.10316664482376,
            37.18554614153877
          ],
          [
            127.10313171130431,
            37.18556511252886
          ],
          [
            127.10309690044501,
            37.18558365800412
          ],
          [
            127.10305961292158,
            37.185599003680146
          ],
          [
            127.10301793571064,
            37.18561296891507
          ],
          [
            127.10298028830994,
            37.18563272860503
          ],
          [
            127.10294046889611,
            37.18564949651532
          ],
          [
            127.10290367589961,
            37.185664648530555
          ],
          [
            127.10286060305334,
            37.185678603542115
          ],
          [
            127.10282036866514,
            37.18569401144265
          ],
          [
            127.1027748502453,
            37.18570765676752
          ],
          [
            127.10272456144367,
            37.185722677650766
          ],
          [
            127.10268582616222,
            37.18574440433217
          ],
          [
            127.10264218303766,
            37.18575652726409
          ],
          [
            127.10259750137371,
            37.18576561886569
          ],
          [
            127.10254974211932,
            37.18577632029731
          ],
          [
            127.102504463637,
            37.185783581428815
          ],
          [
            127.10245633689722,
            37.18579278193963
          ],
          [
            127.10240984021061,
            37.185800618503364
          ],
          [
            127.10236683884298,
            37.18580910424803
          ],
          [
            127.1023240406474,
            37.185819110968495
          ],
          [
            127.10227328312276,
            37.18583380568803
          ],
          [
            127.10224497906056,
            37.18584399513972
          ],
          [
            127.10220659726815,
            37.18585537575995
          ],
          [
            127.10216460210879,
            37.18586702512452
          ],
          [
            127.102127581595,
            37.18587750994679
          ],
          [
            127.10208541465727,
            37.185884161372115
          ],
          [
            127.10204607831442,
            37.18588801981271
          ],
          [
            127.10200554706627,
            37.18589452162397
          ],
          [
            127.10196333256638,
            37.185902091981696
          ],
          [
            127.10192404701112,
            37.18591014337309
          ],
          [
            127.10188618101972,
            37.18592128227043
          ],
          [
            127.10184779914101,
            37.185930599113185
          ],
          [
            127.10180945941576,
            37.18593567450974
          ],
          [
            127.10176942208959,
            37.18593777911789
          ],
          [
            127.10173021340361,
            37.185939815795415
          ],
          [
            127.10168845403334,
            37.18594358778398
          ],
          [
            127.10165041228346,
            37.185950174927754
          ],
          [
            127.10160941504347,
            37.18595456632545
          ],
          [
            127.10156670906484,
            37.18595624692475
          ],
          [
            127.10152525334529,
            37.18595801165755
          ],
          [
            127.10148628965851,
            37.18596204213426
          ],
          [
            127.1014452839934,
            37.185970550516416
          ],
          [
            127.10140720509563,
            37.18597464977006
          ],
          [
            127.10137039224479,
            37.18597638366126
          ],
          [
            127.10133478481448,
            37.18597697938855
          ],
          [
            127.1013025493328,
            37.185975674349514
          ],
          [
            127.10127378617305,
            37.18597367267997
          ],
          [
            127.10124702626014,
            37.18597185371725
          ],
          [
            127.10122205918036,
            37.18596606346705
          ],
          [
            127.10119811244336,
            37.18595817030258
          ],
          [
            127.1011709292008,
            37.18595472830246
          ],
          [
            127.10114191870375,
            37.18595881229086
          ],
          [
            127.10111182714827,
            37.1859685540413
          ],
          [
            127.10108336425276,
            37.18597932597491
          ],
          [
            127.10106725505537,
            37.185985011404725
          ],
          [
            127.10104849628007,
            37.18599422177298
          ],
          [
            127.10104013252305,
            37.18600730862954
          ],
          [
            127.10103273993657,
            37.18602045209556
          ],
          [
            127.10103926527415,
            37.186024525574155
          ],
          [
            127.10104210881966,
            37.18602117808538
          ],
          [
            127.10104074325115,
            37.186021211007365
          ],
          [
            127.10104044751887,
            37.186021494101766
          ],
          [
            127.10104141980271,
            37.18602125211785
          ],
          [
            127.1010421510601,
            37.18601862091187
          ],
          [
            127.10104271149326,
            37.186019670155716
          ],
          [
            127.10104345032434,
            37.186018158898484
          ],
          [
            127.10104323546548,
            37.18601848884388
          ],
          [
            127.10104387122185,
            37.18601840525268
          ],
          [
            127.10104329530232,
            37.18601877844093
          ],
          [
            127.10104361778397,
            37.18601842030532
          ],
          [
            127.10104410898488,
            37.18601799570111
          ],
          [
            127.1010435954701,
            37.18601817391024
          ],
          [
            127.10104440189137,
            37.18601806396585
          ],
          [
            127.10104455573713,
            37.186017474687254
          ],
          [
            127.10104444310163,
            37.18601671975854
          ],
          [
            127.10104430966724,
            37.186016137620506
          ],
          [
            127.10104543896473,
            37.18601478780399
          ],
          [
            127.10104537838679,
            37.18601460514265
          ],
          [
            127.10104532805492,
            37.18601371958838
          ],
          [
            127.10104578559806,
            37.18601281406347
          ],
          [
            127.10104568046268,
            37.18601257441897
          ],
          [
            127.10104566025772,
            37.18601241635334
          ],
          [
            127.10104580310575,
            37.18601288374216
          ],
          [
            127.10104622043187,
            37.186012369127404
          ],
          [
            127.10104614416161,
            37.18601383312692
          ],
          [
            127.10104583207159,
            37.18601543903908
          ],
          [
            127.10104594479928,
            37.186016417396765
          ],
          [
            127.10104606812415,
            37.18601751490962
          ],
          [
            127.10104623347907,
            37.186017804131396
          ],
          [
            127.10104623347907,
            37.186017804131396
          ],
          [
            127.10104623347907,
            37.186017804131396
          ],
          [
            127.10104694702865,
            37.18601736175717
          ],
          [
            127.10104721407092,
            37.186017656968176
          ],
          [
            127.1010471805568,
            37.186017766634244
          ],
          [
            127.10104729183227,
            37.186018050917085
          ],
          [
            127.10104807180947,
            37.186017923531175
          ],
          [
            127.10104772691612,
            37.18601796671313
          ],
          [
            127.10104828924109,
            37.18601753194913
          ],
          [
            127.10104859441451,
            37.18601783678044
          ],
          [
            127.1010489670002,
            37.18601677463899
          ],
          [
            127.10104898603086,
            37.18601670659857
          ],
          [
            127.10104982462425,
            37.18601593840359
          ],
          [
            127.10104989682829,
            37.186016722743815
          ],
          [
            127.10104947726205,
            37.18601757962771
          ],
          [
            127.10104974607623,
            37.18601806274433
          ],
          [
            127.10104961655648,
            37.18601836183251
          ],
          [
            127.1010492997738,
            37.18601930668812
          ],
          [
            127.10104927995366,
            37.186019641447444
          ],
          [
            127.10104891605502,
            37.18602053405626
          ],
          [
            127.1010486324559,
            37.186020775304144
          ],
          [
            127.10104864901193,
            37.18602071611124
          ],
          [
            127.10104864901193,
            37.18602071611124
          ],
          [
            127.10104864901193,
            37.18602071611124
          ],
          [
            127.10105002854056,
            37.18602086222101
          ],
          [
            127.10105069293215,
            37.18602212701103
          ],
          [
            127.1010505349419,
            37.18602214102623
          ],
          [
            127.10104985386126,
            37.18602288136068
          ],
          [
            127.10104900577618,
            37.186023699846835
          ],
          [
            127.10104900577618,
            37.186023699846835
          ],
          [
            127.10104777454546,
            37.18602492021217
          ],
          [
            127.10104765423415,
            37.18602512191568
          ],
          [
            127.10104778579753,
            37.18602534431293
          ],
          [
            127.10104723724783,
            37.186025438992395
          ],
          [
            127.10104736469083,
            37.1860249171559
          ],
          [
            127.10104738018666,
            37.186024578620795
          ],
          [
            127.10104738018666,
            37.186024578620795
          ],
          [
            127.10104798695998,
            37.18602328397925
          ],
          [
            127.10104730647126,
            37.18602419355985
          ],
          [
            127.10104727687764,
            37.186024214117886
          ],
          [
            127.10104727687764,
            37.186024214117886
          ],
          [
            127.10104727687764,
            37.186024214117886
          ],
          [
            127.10104727687764,
            37.186024214117886
          ],
          [
            127.10104727687764,
            37.186024214117886
          ],
          [
            127.10104450303633,
            37.18603179152733
          ],
          [
            127.1010400611484,
            37.18604976393406
          ],
          [
            127.10102932163169,
            37.18607524325231
          ],
          [
            127.10102059833454,
            37.1860925856513
          ],
          [
            127.10101002387378,
            37.18610964387414
          ],
          [
            127.10099157672296,
            37.186133259446365
          ],
          [
            127.10096983464162,
            37.186150181220604
          ],
          [
            127.10094799247783,
            37.186170049049174
          ],
          [
            127.10092900037267,
            37.186193115369974
          ],
          [
            127.10091506833056,
            37.1862186286119
          ],
          [
            127.10090333819491,
            37.186247508881976
          ],
          [
            127.10088727080003,
            37.18627201396554
          ],
          [
            127.10087085291165,
            37.186293300155455
          ],
          [
            127.10085909389358,
            37.186309482487296
          ],
          [
            127.10084888049452,
            37.18631794847939
          ],
          [
            127.1008380233317,
            37.186321082912
          ],
          [
            127.10082354020872,
            37.18632020137119
          ],
          [
            127.10081170035713,
            37.186318885996386
          ],
          [
            127.10080876581037,
            37.18631775896898
          ],
          [
            127.10081120180715,
            37.18631721606064
          ],
          [
            127.10081210409675,
            37.18631699054523
          ],
          [
            127.10081085543172,
            37.18631677316685
          ],
          [
            127.1008122120238,
            37.18631646784175
          ],
          [
            127.10081222155921,
            37.18631612172968
          ],
          [
            127.1008123808495,
            37.18631590965801
          ],
          [
            127.10081272512537,
            37.18631551910527
          ],
          [
            127.10081351130006,
            37.186314950960686
          ],
          [
            127.10081336266524,
            37.18631439469937
          ],
          [
            127.1008141188117,
            37.1863145569324
          ],
          [
            127.10081399637025,
            37.18631483014707
          ],
          [
            127.10081407940496,
            37.186315537262374
          ],
          [
            127.10081325888322,
            37.18631583458107
          ],
          [
            127.10081332280333,
            37.18631598200463
          ],
          [
            127.10081379889914,
            37.186316205863626
          ],
          [
            127.10081386077279,
            37.186316422980646
          ],
          [
            127.10081463580384,
            37.18631650339449
          ],
          [
            127.10081523841794,
            37.18631610400841
          ],
          [
            127.10081522102224,
            37.186316019336324
          ],
          [
            127.10081430395245,
            37.18631570168741
          ],
          [
            127.10081438943665,
            37.18631541348206
          ],
          [
            127.10081430854612,
            37.18631549047973
          ],
          [
            127.10081426964268,
            37.1863152951473
          ],
          [
            127.1008144343327,
            37.18631506134888
          ],
          [
            127.10081449410143,
            37.18631502326671
          ],
          [
            127.10081412681616,
            37.18631483821183
          ],
          [
            127.1008145387051,
            37.18631433561659
          ],
          [
            127.10081437912157,
            37.18631363852381
          ],
          [
            127.10081379008832,
            37.186313830923524
          ],
          [
            127.10081445299808,
            37.186313756465
          ],
          [
            127.10081376936289,
            37.186313886673794
          ],
          [
            127.10081451591398,
            37.186313856751134
          ],
          [
            127.10081451591398,
            37.186313856751134
          ],
          [
            127.10081343581048,
            37.186313491956895
          ],
          [
            127.10081384950352,
            37.18631319067267
          ],
          [
            127.10081441717549,
            37.18631315836571
          ],
          [
            127.10081441717549,
            37.18631315836571
          ],
          [
            127.10081376199423,
            37.18631245097442
          ],
          [
            127.10081291467746,
            37.18631221915532
          ],
          [
            127.10081232080371,
            37.18631249679512
          ],
          [
            127.10081337722714,
            37.186312595708706
          ],
          [
            127.10081389565424,
            37.186312149184154
          ],
          [
            127.10081350286907,
            37.18631268862082
          ],
          [
            127.10081360217438,
            37.18631260454611
          ],
          [
            127.10081352140038,
            37.1863126254842
          ],
          [
            127.10081415808409,
            37.18631267900728
          ],
          [
            127.10081415808409,
            37.18631267900728
          ],
          [
            127.10081415808409,
            37.18631267900728
          ],
          [
            127.10081492790341,
            37.18631301644423
          ],
          [
            127.1008154580255,
            37.18631321114064
          ],
          [
            127.10081514976754,
            37.18631317366685
          ],
          [
            127.10081572823219,
            37.18631310468689
          ],
          [
            127.10081572823219,
            37.18631310468689
          ],
          [
            127.10081563607598,
            37.18631315756992
          ],
          [
            127.10081559078529,
            37.186312712948755
          ],
          [
            127.10081550320403,
            37.186312993598236
          ],
          [
            127.10081605704735,
            37.18631292790271
          ],
          [
            127.10081605704735,
            37.18631292790271
          ],
          [
            127.10081566327007,
            37.18631271155863
          ],
          [
            127.10081547653984,
            37.18631252676268
          ],
          [
            127.10081565030572,
            37.18631256253675
          ],
          [
            127.10081540101066,
            37.1863124547001
          ],
          [
            127.10081480250392,
            37.186312163516355
          ],
          [
            127.10081480938824,
            37.18631213617033
          ],
          [
            127.10081530220519,
            37.186312473124076
          ],
          [
            127.10081590194231,
            37.186312585848206
          ],
          [
            127.10081590194231,
            37.186312585848206
          ],
          [
            127.10081590194231,
            37.186312585848206
          ],
          [
            127.10081590194231,
            37.186312585848206
          ],
          [
            127.10081590194231,
            37.186312585848206
          ],
          [
            127.10081590194231,
            37.186312585848206
          ],
          [
            127.10081590194231,
            37.186312585848206
          ],
          [
            127.10081590194231,
            37.186312585848206
          ],
          [
            127.10081590194231,
            37.186312585848206
          ],
          [
            127.10081590194231,
            37.186312585848206
          ],
          [
            127.10081590194231,
            37.186312585848206
          ],
          [
            127.10081590194231,
            37.186312585848206
          ],
          [
            127.10081590194231,
            37.186312585848206
          ],
          [
            127.10081356749305,
            37.18631338280685
          ],
          [
            127.10081361310829,
            37.18631348195728
          ],
          [
            127.10081425735768,
            37.186313429638815
          ],
          [
            127.10081425735768,
            37.186313429638815
          ],
          [
            127.10081425735768,
            37.186313429638815
          ],
          [
            127.10081425735768,
            37.186313429638815
          ],
          [
            127.10081425735768,
            37.186313429638815
          ],
          [
            127.10081425735768,
            37.186313429638815
          ],
          [
            127.10081425735768,
            37.186313429638815
          ],
          [
            127.10081293422022,
            37.18631432643153
          ],
          [
            127.1008129981739,
            37.186314353279066
          ],
          [
            127.10081257028656,
            37.18631430333374
          ],
          [
            127.10080256120474,
            37.18631622619427
          ],
          [
            127.1007804590543,
            37.18632072536622
          ],
          [
            127.10075507077575,
            37.18632617050147
          ],
          [
            127.10072917373654,
            37.186328127309906
          ],
          [
            127.10069851184215,
            37.18632982041959
          ],
          [
            127.10066549898013,
            37.186332457372814
          ],
          [
            127.10063098716624,
            37.186335961707556
          ],
          [
            127.10059774015734,
            37.18634131318907
          ],
          [
            127.1005650300854,
            37.18634613753599
          ],
          [
            127.10052887896683,
            37.186347209487465
          ],
          [
            127.10049124447892,
            37.18634704793708
          ],
          [
            127.10045220421027,
            37.18634789144879
          ],
          [
            127.10041330120653,
            37.1863505342619
          ],
          [
            127.1003753443687,
            37.18635262917746
          ],
          [
            127.10033611925721,
            37.18635574363825
          ],
          [
            127.1002963915043,
            37.186360212311
          ],
          [
            127.10026045823484,
            37.18637074077122
          ],
          [
            127.10022861478747,
            37.18638142375466
          ],
          [
            127.10020306162014,
            37.18639894180229
          ],
          [
            127.10017749569545,
            37.1864124229313
          ],
          [
            127.10015270013777,
            37.18642931002303
          ],
          [
            127.10012241185825,
            37.186444799866635
          ],
          [
            127.1000911930143,
            37.18646518585181
          ],
          [
            127.10007891843864,
            37.18648516829141
          ],
          [
            127.1000840707362,
            37.18650706158448
          ],
          [
            127.10009816143456,
            37.18652270579831
          ],
          [
            127.1001100243239,
            37.186545835066546
          ],
          [
            127.10011073955138,
            37.18656473384278
          ],
          [
            127.10010316345452,
            37.18658210863237
          ],
          [
            127.10009149449901,
            37.18659977698233
          ],
          [
            127.10007831412803,
            37.186619250377674
          ],
          [
            127.10006627594423,
            37.186638299742945
          ],
          [
            127.100057670104,
            37.18665331340419
          ],
          [
            127.10004091081905,
            37.18668202970755
          ],
          [
            127.10002846070894,
            37.18670684539303
          ],
          [
            127.10001739415547,
            37.18673383465696
          ],
          [
            127.10000772970156,
            37.18675515696505
          ],
          [
            127.09999536453697,
            37.186775028480476
          ],
          [
            127.09998445493379,
            37.18679764010493
          ],
          [
            127.09997846199569,
            37.186821020530616
          ],
          [
            127.09996939347468,
            37.1868401975968
          ],
          [
            127.09995779429477,
            37.186865003531416
          ],
          [
            127.09994659698451,
            37.18688598741844
          ],
          [
            127.0999367360573,
            37.18690535393655
          ],
          [
            127.09992346439567,
            37.18692505941754
          ],
          [
            127.09991220661821,
            37.186943896256324
          ],
          [
            127.09989869563661,
            37.18696471943802
          ],
          [
            127.09988826271153,
            37.18698727846102
          ],
          [
            127.09988031117281,
            37.18701001451857
          ],
          [
            127.09986921805422,
            37.18703421017683
          ],
          [
            127.09985915368199,
            37.187055670599264
          ],
          [
            127.09984620267939,
            37.18707985268363
          ],
          [
            127.09983340550755,
            37.187103109573435
          ],
          [
            127.0998236177562,
            37.18712509969784
          ],
          [
            127.09981057494261,
            37.187151727213404
          ],
          [
            127.09979777006218,
            37.18717672312235
          ],
          [
            127.09978528745158,
            37.187200577025614
          ],
          [
            127.09977381201256,
            37.187224920365146
          ],
          [
            127.09976294943704,
            37.187248094774056
          ],
          [
            127.09975295188933,
            37.18726693242028
          ],
          [
            127.09974167015685,
            37.187293826142295
          ],
          [
            127.09973218988422,
            37.18731774198355
          ],
          [
            127.0997216670887,
            37.18734130046977
          ],
          [
            127.09971157760032,
            37.18736735895722
          ],
          [
            127.0997011660018,
            37.18739251422764
          ],
          [
            127.099690530567,
            37.18742190069613
          ],
          [
            127.09967576052932,
            37.18745043513961
          ],
          [
            127.09966688956314,
            37.187471080793266
          ],
          [
            127.09965429962973,
            37.18749819507017
          ],
          [
            127.09964596437594,
            37.18752794746335
          ],
          [
            127.09963976782555,
            37.18755890958114
          ],
          [
            127.09963828587526,
            37.1875827037782
          ],
          [
            127.09963658671336,
            37.18761114893291
          ],
          [
            127.09963274958926,
            37.18763843824442
          ],
          [
            127.0996262883353,
            37.18766330663181
          ],
          [
            127.0996156138854,
            37.18768731366081
          ],
          [
            127.09960517323422,
            37.18771519041838
          ],
          [
            127.09959149647797,
            37.18774217836926
          ],
          [
            127.09958040183672,
            37.187762969852116
          ],
          [
            127.09956751659519,
            37.18779072533438
          ],
          [
            127.09955770415034,
            37.18781720886882
          ],
          [
            127.09953733266023,
            37.18784753884904
          ],
          [
            127.099528483195,
            37.187869416009256
          ],
          [
            127.09951546505854,
            37.18789572507935
          ],
          [
            127.09951175604725,
            37.187917416210595
          ],
          [
            127.09949394137772,
            37.187947492674795
          ],
          [
            127.09948433049671,
            37.18796832420139
          ],
          [
            127.09946866758779,
            37.1879952674872
          ],
          [
            127.0994610405459,
            37.188022007553045
          ],
          [
            127.09945658056307,
            37.188034348293854
          ],
          [
            127.09945525046376,
            37.18803900478866
          ],
          [
            127.09945168471025,
            37.18805932115303
          ],
          [
            127.09943263233237,
            37.18807526381142
          ],
          [
            127.09941091208195,
            37.18809826306372
          ],
          [
            127.09939709878873,
            37.18811742778857
          ],
          [
            127.0993905613343,
            37.188143924258654
          ],
          [
            127.09938340627224,
            37.18817463636772
          ],
          [
            127.09937219144801,
            37.188204181593306
          ],
          [
            127.09936079833577,
            37.188229446576216
          ],
          [
            127.0993492595421,
            37.18825060908881
          ],
          [
            127.0993353264459,
            37.18827516517391
          ],
          [
            127.09932437018024,
            37.18830270145914
          ],
          [
            127.09931119187677,
            37.188331229865746
          ],
          [
            127.09929707837529,
            37.18835914098032
          ],
          [
            127.09928510293047,
            37.18838463640083
          ],
          [
            127.09927285919458,
            37.188414001843626
          ],
          [
            127.09926011277169,
            37.18844340049744
          ],
          [
            127.09924396128147,
            37.18846868891297
          ],
          [
            127.09923432013419,
            37.188495046139444
          ],
          [
            127.09922212859053,
            37.18852579207684
          ],
          [
            127.09920761432525,
            37.18855247799901
          ],
          [
            127.09919480681538,
            37.18857772465578
          ],
          [
            127.09918296711605,
            37.188604662627284
          ],
          [
            127.09916908233151,
            37.18862671973416
          ],
          [
            127.09915889433158,
            37.188657701098
          ],
          [
            127.09914839488154,
            37.18868335239679
          ],
          [
            127.09913629177521,
            37.18870476692936
          ],
          [
            127.09912429406398,
            37.18873150117936
          ],
          [
            127.09911134795156,
            37.18875493010761
          ],
          [
            127.09909964407679,
            37.18878155594251
          ],
          [
            127.09908784307552,
            37.188810150344935
          ],
          [
            127.09907504035665,
            37.1888331909877
          ],
          [
            127.09905984399776,
            37.18886419952582
          ],
          [
            127.09904690617431,
            37.188890312363334
          ],
          [
            127.09903153817068,
            37.18891338377555
          ],
          [
            127.09901796407726,
            37.18893566353544
          ],
          [
            127.09901286630794,
            37.1889535517023
          ],
          [
            127.09899727966157,
            37.18898443829126
          ],
          [
            127.09898638921706,
            37.18901377160742
          ],
          [
            127.098975811658,
            37.18904032262873
          ],
          [
            127.0989650936989,
            37.189069482734894
          ],
          [
            127.09895337789989,
            37.1890938704846
          ],
          [
            127.09893932464973,
            37.18912355311045
          ],
          [
            127.09892816759434,
            37.18914695563462
          ],
          [
            127.09891705905369,
            37.189172500689786
          ],
          [
            127.09890479139312,
            37.18919816808591
          ],
          [
            127.09889706958806,
            37.18922934621301
          ],
          [
            127.09888717740331,
            37.189251084304594
          ],
          [
            127.0988759339076,
            37.18927764362598
          ],
          [
            127.09886564433616,
            37.18930468558014
          ],
          [
            127.09885559362591,
            37.18932838639317
          ],
          [
            127.09884731388185,
            37.1893551538654
          ],
          [
            127.09883782707514,
            37.18938004620804
          ],
          [
            127.09882394091161,
            37.18940368035579
          ],
          [
            127.09881350932476,
            37.18942986659251
          ],
          [
            127.09880351109456,
            37.18945632250318
          ],
          [
            127.09879591235868,
            37.18948039299535
          ],
          [
            127.09878513901175,
            37.18949874054862
          ],
          [
            127.09877630999979,
            37.18951721243306
          ],
          [
            127.09877027296267,
            37.1895305929338
          ],
          [
            127.09876884468677,
            37.189538750056386
          ],
          [
            127.09877227853808,
            37.18954179586937
          ],
          [
            127.09877072986184,
            37.18954174582821
          ],
          [
            127.09877078922486,
            37.18954354652498
          ],
          [
            127.09877037765077,
            37.18954227554258
          ],
          [
            127.09877040109265,
            37.18954182761115
          ],
          [
            127.09877040642527,
            37.189543778015256
          ],
          [
            127.09877029282393,
            37.18954335905268
          ],
          [
            127.0987693469571,
            37.189542064882076
          ],
          [
            127.09876922140312,
            37.189541788509935
          ],
          [
            127.09876922140312,
            37.189541788509935
          ],
          [
            127.0987718136787,
            37.18954272626383
          ],
          [
            127.09877187859661,
            37.189541974783616
          ],
          [
            127.09877180846574,
            37.189541840209586
          ],
          [
            127.09877180846574,
            37.189541840209586
          ],
          [
            127.09877180846574,
            37.189541840209586
          ],
          [
            127.09877180846574,
            37.189541840209586
          ],
          [
            127.09877180846574,
            37.189541840209586
          ],
          [
            127.09877180846574,
            37.189541840209586
          ],
          [
            127.09877180846574,
            37.189541840209586
          ],
          [
            127.09877180846574,
            37.189541840209586
          ],
          [
            127.09877180846574,
            37.189541840209586
          ],
          [
            127.09877180846574,
            37.189541840209586
          ],
          [
            127.09877180846574,
            37.189541840209586
          ],
          [
            127.09877180846574,
            37.189541840209586
          ],
          [
            127.09877180846574,
            37.189541840209586
          ],
          [
            127.09877180846574,
            37.189541840209586
          ],
          [
            127.09877180846574,
            37.189541840209586
          ],
          [
            127.09877180846574,
            37.189541840209586
          ],
          [
            127.09877180846574,
            37.189541840209586
          ],
          [
            127.09877180846574,
            37.189541840209586
          ],
          [
            127.09877180846574,
            37.189541840209586
          ],
          [
            127.09877180846574,
            37.189541840209586
          ],
          [
            127.09877180846574,
            37.189541840209586
          ],
          [
            127.09877180846574,
            37.189541840209586
          ],
          [
            127.09877180846574,
            37.189541840209586
          ],
          [
            127.09877180846574,
            37.189541840209586
          ],
          [
            127.09877180846574,
            37.189541840209586
          ],
          [
            127.09877180846574,
            37.189541840209586
          ],
          [
            127.09877180846574,
            37.189541840209586
          ],
          [
            127.09877180846574,
            37.189541840209586
          ],
          [
            127.09877180846574,
            37.189541840209586
          ],
          [
            127.09877180846574,
            37.189541840209586
          ],
          [
            127.09877180846574,
            37.189541840209586
          ],
          [
            127.09877180846574,
            37.189541840209586
          ],
          [
            127.09877180846574,
            37.189541840209586
          ],
          [
            127.09877180846574,
            37.189541840209586
          ],
          [
            127.09877180846574,
            37.189541840209586
          ],
          [
            127.09876958885326,
            37.189541020357574
          ],
          [
            127.09876958885326,
            37.189541020357574
          ],
          [
            127.09876958885326,
            37.189541020357574
          ],
          [
            127.09877113685768,
            37.1895409227606
          ],
          [
            127.09876980463591,
            37.18953939215462
          ],
          [
            127.0987705737568,
            37.189539380155544
          ],
          [
            127.0987705737568,
            37.189539380155544
          ],
          [
            127.0987705737568,
            37.189539380155544
          ],
          [
            127.0987705737568,
            37.189539380155544
          ],
          [
            127.0987705737568,
            37.189539380155544
          ],
          [
            127.0987705737568,
            37.189539380155544
          ],
          [
            127.0987705737568,
            37.189539380155544
          ],
          [
            127.0987705737568,
            37.189539380155544
          ],
          [
            127.0987705737568,
            37.189539380155544
          ],
          [
            127.0987705737568,
            37.189539380155544
          ],
          [
            127.0987705737568,
            37.189539380155544
          ],
          [
            127.0987705737568,
            37.189539380155544
          ],
          [
            127.0987705737568,
            37.189539380155544
          ],
          [
            127.0987705737568,
            37.189539380155544
          ],
          [
            127.0987705737568,
            37.189539380155544
          ],
          [
            127.0987705737568,
            37.189539380155544
          ],
          [
            127.0987705737568,
            37.189539380155544
          ],
          [
            127.0987705737568,
            37.189539380155544
          ],
          [
            127.0987705737568,
            37.189539380155544
          ],
          [
            127.0987705737568,
            37.189539380155544
          ],
          [
            127.0987705737568,
            37.189539380155544
          ],
          [
            127.0987705737568,
            37.189539380155544
          ],
          [
            127.0987705737568,
            37.189539380155544
          ],
          [
            127.0987705737568,
            37.189539380155544
          ],
          [
            127.0987705737568,
            37.189539380155544
          ],
          [
            127.0987705737568,
            37.189539380155544
          ],
          [
            127.0987705737568,
            37.189539380155544
          ],
          [
            127.0987705737568,
            37.189539380155544
          ],
          [
            127.0987705737568,
            37.189539380155544
          ],
          [
            127.0987705737568,
            37.189539380155544
          ],
          [
            127.0987705737568,
            37.189539380155544
          ],
          [
            127.0987705737568,
            37.189539380155544
          ],
          [
            127.0987705737568,
            37.189539380155544
          ],
          [
            127.0987705737568,
            37.189539380155544
          ],
          [
            127.0987705737568,
            37.189539380155544
          ],
          [
            127.0987705737568,
            37.189539380155544
          ],
          [
            127.0987705737568,
            37.189539380155544
          ],
          [
            127.0987705737568,
            37.189539380155544
          ],
          [
            127.0987705737568,
            37.189539380155544
          ],
          [
            127.0987705737568,
            37.189539380155544
          ],
          [
            127.0987705737568,
            37.189539380155544
          ],
          [
            127.0987705737568,
            37.189539380155544
          ],
          [
            127.0987705737568,
            37.189539380155544
          ],
          [
            127.09877628307044,
            37.18954126611212
          ],
          [
            127.09877628109186,
            37.18954200557966
          ],
          [
            127.09877703014187,
            37.18954373459793
          ],
          [
            127.09877696252661,
            37.189545164137975
          ],
          [
            127.09877749495848,
            37.18954370880459
          ],
          [
            127.09877749495848,
            37.18954370880459
          ],
          [
            127.09877749495848,
            37.18954370880459
          ],
          [
            127.09877789253294,
            37.189545535000335
          ],
          [
            127.09877786557428,
            37.189545308586844
          ],
          [
            127.09877786557428,
            37.189545308586844
          ],
          [
            127.09877786557428,
            37.189545308586844
          ],
          [
            127.09877786557428,
            37.189545308586844
          ],
          [
            127.09877786557428,
            37.189545308586844
          ],
          [
            127.09877786557428,
            37.189545308586844
          ],
          [
            127.09877786557428,
            37.189545308586844
          ],
          [
            127.09877786557428,
            37.189545308586844
          ],
          [
            127.09877522481628,
            37.18955244100892
          ],
          [
            127.09876696885551,
            37.18956788325564
          ],
          [
            127.09876009563166,
            37.189584805425184
          ],
          [
            127.09874695627278,
            37.1896085337834
          ],
          [
            127.09873688957671,
            37.189630655048475
          ],
          [
            127.09872822798057,
            37.18965288823868
          ],
          [
            127.09871766836613,
            37.1896744370917
          ],
          [
            127.09870749645259,
            37.18969675336867
          ],
          [
            127.09870113288832,
            37.189718403457576
          ],
          [
            127.09869562581692,
            37.18973885140853
          ],
          [
            127.0986832366951,
            37.18975746262374
          ],
          [
            127.09866188907654,
            37.18976850128977
          ],
          [
            127.09864581940904,
            37.18978443302357
          ],
          [
            127.09864727624688,
            37.18980462145349
          ],
          [
            127.09866207604318,
            37.18982552545014
          ],
          [
            127.09867366867326,
            37.18985188924126
          ],
          [
            127.09867754600658,
            37.18986034347498
          ],
          [
            127.09867689120803,
            37.1898880671752
          ],
          [
            127.09866870075244,
            37.18990658881844
          ],
          [
            127.09865730794536,
            37.18992546708463
          ],
          [
            127.09865552968205,
            37.18994433862026
          ],
          [
            127.09864961808204,
            37.18996331926698
          ],
          [
            127.0986439760339,
            37.189980021669015
          ],
          [
            127.09863814466266,
            37.18999934248422
          ],
          [
            127.09863598113108,
            37.19001506295334
          ],
          [
            127.09864408747497,
            37.19003144555234
          ],
          [
            127.09863734949181,
            37.19005263505697
          ],
          [
            127.09863373002902,
            37.190069236609794
          ],
          [
            127.09862529772425,
            37.19008949625211
          ],
          [
            127.0986252848611,
            37.19010548241115
          ],
          [
            127.09862014774856,
            37.19012412486116
          ],
          [
            127.09861225064019,
            37.190143389648576
          ],
          [
            127.09862052147982,
            37.19015985042052
          ],
          [
            127.0986067163149,
            37.190179528007
          ],
          [
            127.09860136878137,
            37.19019888034957
          ],
          [
            127.09859725397135,
            37.1902169564666
          ],
          [
            127.09858287470007,
            37.190233989588606
          ],
          [
            127.09857520299823,
            37.19024486211488
          ],
          [
            127.0985670778972,
            37.19026420286949
          ],
          [
            127.0985572536543,
            37.190281980700796
          ],
          [
            127.09855332281815,
            37.19030086933249
          ],
          [
            127.09854602938624,
            37.19032125129963
          ],
          [
            127.09854548119085,
            37.19034063167631
          ],
          [
            127.09854339793797,
            37.19036403395005
          ],
          [
            127.09854309434115,
            37.190383324070275
          ],
          [
            127.09854394031443,
            37.19040200810268
          ],
          [
            127.0985400249593,
            37.190421183297744
          ],
          [
            127.09853208538958,
            37.19044018737088
          ],
          [
            127.0985244777776,
            37.190456744673554
          ],
          [
            127.09851817330252,
            37.1904780139365
          ],
          [
            127.09851701175782,
            37.19050144078303
          ],
          [
            127.09851973821347,
            37.190522040587076
          ],
          [
            127.09851991643067,
            37.190543945890724
          ],
          [
            127.09851864648628,
            37.19056653509877
          ],
          [
            127.09851576189888,
            37.190588580086086
          ],
          [
            127.09851527545528,
            37.190606302636965
          ],
          [
            127.09851474378756,
            37.1906286175659
          ],
          [
            127.09851812094118,
            37.19064737721471
          ],
          [
            127.09851632958953,
            37.19067262036525
          ],
          [
            127.09850647165852,
            37.19069392430512
          ],
          [
            127.09849748103979,
            37.19071352987919
          ],
          [
            127.09850033496019,
            37.19073796972551
          ],
          [
            127.09849400897879,
            37.19075865897448
          ],
          [
            127.09849164195565,
            37.19078009632751
          ],
          [
            127.09848853353846,
            37.19080138080347
          ],
          [
            127.09848948546471,
            37.19082315500808
          ],
          [
            127.0984892856338,
            37.19084570455433
          ],
          [
            127.0984895792709,
            37.19086536678867
          ],
          [
            127.09847849138679,
            37.19088093933223
          ],
          [
            127.09848188555347,
            37.190901786028085
          ],
          [
            127.09848469965881,
            37.19092331883372
          ],
          [
            127.09848063927183,
            37.190944223949
          ],
          [
            127.09848329445131,
            37.19096970380952
          ],
          [
            127.0984916269603,
            37.19098635651306
          ],
          [
            127.09850471746512,
            37.19100867627945
          ],
          [
            127.09851256740498,
            37.19102858434367
          ],
          [
            127.0985268942328,
            37.19104790762551
          ],
          [
            127.09853058755786,
            37.191070008009575
          ],
          [
            127.0985332611055,
            37.19109400564039
          ],
          [
            127.09853954693519,
            37.191115932541116
          ],
          [
            127.09853696267243,
            37.19113892923205
          ],
          [
            127.09853915379567,
            37.19116215729224
          ],
          [
            127.09853746263803,
            37.1911857467949
          ],
          [
            127.09854101941852,
            37.19120653780808
          ],
          [
            127.09854752309019,
            37.19123276449797
          ],
          [
            127.09854871201217,
            37.19125004633069
          ],
          [
            127.09854656853929,
            37.191274914339466
          ],
          [
            127.09854903622873,
            37.19129791283726
          ],
          [
            127.09854786133153,
            37.191319296819046
          ],
          [
            127.0985440257016,
            37.1913426173551
          ],
          [
            127.09853075972403,
            37.19137056608242
          ],
          [
            127.098536597897,
            37.19139425955463
          ],
          [
            127.09854498461002,
            37.191415866064105
          ],
          [
            127.09854331926115,
            37.19144197437164
          ],
          [
            127.09854528120015,
            37.19146903300885
          ],
          [
            127.09854275560862,
            37.19149152763194
          ],
          [
            127.09854164535916,
            37.191518493282075
          ],
          [
            127.09854655427543,
            37.191540965068846
          ],
          [
            127.0985428784964,
            37.191567406613316
          ],
          [
            127.09854071130802,
            37.191592178195556
          ],
          [
            127.09854274884508,
            37.19161543504157
          ],
          [
            127.09854341893093,
            37.19163995314679
          ],
          [
            127.0985444084942,
            37.19166585923029
          ],
          [
            127.09854784727246,
            37.1916856787809
          ],
          [
            127.09855773876046,
            37.191710532352765
          ],
          [
            127.09855045365887,
            37.191734763526966
          ],
          [
            127.09854404289054,
            37.19175657270577
          ],
          [
            127.09854365713987,
            37.19178490494911
          ],
          [
            127.09854179247417,
            37.19180877852862
          ],
          [
            127.09854426757643,
            37.1918334649708
          ],
          [
            127.09854221478369,
            37.19185766801209
          ],
          [
            127.09854135288833,
            37.19188025672012
          ],
          [
            127.09853806579812,
            37.1919077485975
          ],
          [
            127.09853640934512,
            37.191931014963245
          ],
          [
            127.09853339971782,
            37.19195297578949
          ],
          [
            127.09852667724584,
            37.19197549777621
          ],
          [
            127.09852120005631,
            37.192001990496166
          ],
          [
            127.09852267456758,
            37.1920245358647
          ],
          [
            127.09852384715775,
            37.192050152825026
          ],
          [
            127.09852237327259,
            37.19207495714028
          ],
          [
            127.09852138296057,
            37.19210064640711
          ],
          [
            127.0985211879756,
            37.1921266066318
          ],
          [
            127.098517418245,
            37.19214892556024
          ],
          [
            127.09851622946714,
            37.19217689756865
          ],
          [
            127.0985168003562,
            37.19219967991248
          ],
          [
            127.09851604240598,
            37.19222373746598
          ],
          [
            127.09851546067557,
            37.19225239426979
          ],
          [
            127.09851507610601,
            37.192276047997204
          ],
          [
            127.0985136658412,
            37.19230510714731
          ],
          [
            127.09851211255757,
            37.19233192195097
          ],
          [
            127.098514572078,
            37.19235787326359
          ],
          [
            127.09851505356299,
            37.19238291106085
          ],
          [
            127.09851240920617,
            37.19241087001121
          ],
          [
            127.09851439552384,
            37.19243397875951
          ],
          [
            127.09851587954124,
            37.19246290312804
          ],
          [
            127.0985183690955,
            37.19248693432655
          ],
          [
            127.09852706935303,
            37.19250712324231
          ],
          [
            127.0985177363051,
            37.19253754611034
          ],
          [
            127.09851916506692,
            37.19256379910683
          ],
          [
            127.09851360178105,
            37.192588956881295
          ],
          [
            127.09850959181676,
            37.192616910238996
          ],
          [
            127.0985118493456,
            37.19264208676514
          ],
          [
            127.09851135325329,
            37.19266856829151
          ],
          [
            127.09851128838639,
            37.19269454689547
          ],
          [
            127.09850871157772,
            37.19272129769035
          ],
          [
            127.09851017293573,
            37.19274694568291
          ],
          [
            127.09851292151397,
            37.19277296079644
          ],
          [
            127.09851076228712,
            37.19279665173474
          ],
          [
            127.09851488576253,
            37.19282271933365
          ],
          [
            127.09851598886617,
            37.19285001326554
          ],
          [
            127.09851265618049,
            37.19287858840119
          ],
          [
            127.09851017550687,
            37.192907071786095
          ],
          [
            127.09850774503191,
            37.192932858557974
          ],
          [
            127.09850226379643,
            37.19295854283922
          ],
          [
            127.09850246099576,
            37.19298534841327
          ],
          [
            127.0984997387614,
            37.193015790585406
          ],
          [
            127.0985009516797,
            37.19304111214759
          ],
          [
            127.09850271485894,
            37.19306825328401
          ],
          [
            127.09850376276275,
            37.19309710421666
          ],
          [
            127.09850586336513,
            37.19311949895437
          ],
          [
            127.09851789743246,
            37.1931427330894
          ],
          [
            127.09851938990239,
            37.19316834051305
          ],
          [
            127.09851635906487,
            37.19319378426361
          ],
          [
            127.09851380439073,
            37.193219535731885
          ],
          [
            127.09851344296781,
            37.19324688232869
          ],
          [
            127.0985123211967,
            37.19327616536678
          ],
          [
            127.09850810324352,
            37.19330377395633
          ],
          [
            127.09850367319635,
            37.193330544903304
          ],
          [
            127.09850100393629,
            37.19335322987216
          ],
          [
            127.09849951733653,
            37.19337670494639
          ],
          [
            127.09849811481914,
            37.19339885009944
          ],
          [
            127.09849948243567,
            37.19342340914283
          ],
          [
            127.09850095479362,
            37.19344622280467
          ],
          [
            127.09849478003514,
            37.193470806619345
          ],
          [
            127.09849578367985,
            37.19349280359818
          ],
          [
            127.09849932397152,
            37.19351875220767
          ],
          [
            127.09850251485027,
            37.19354444778878
          ],
          [
            127.09850096822693,
            37.19356863099872
          ],
          [
            127.09849640179985,
            37.19359379916619
          ],
          [
            127.09849566370643,
            37.19362044803763
          ],
          [
            127.09849655924822,
            37.193646538946034
          ],
          [
            127.0984962381788,
            37.19367254243172
          ],
          [
            127.09849931163286,
            37.193698369590464
          ],
          [
            127.09850174916984,
            37.19372536854115
          ],
          [
            127.09850778911915,
            37.193750658683626
          ],
          [
            127.09851329930221,
            37.1937787501158
          ],
          [
            127.09851328537631,
            37.193800314655626
          ],
          [
            127.09851392629302,
            37.19383138077964
          ],
          [
            127.09851350286091,
            37.19385556844576
          ],
          [
            127.09851165902525,
            37.19388361761502
          ],
          [
            127.0985110841637,
            37.19390946558355
          ],
          [
            127.09851099247338,
            37.19393075127811
          ],
          [
            127.09851020485843,
            37.19395675326504
          ],
          [
            127.0985081231004,
            37.19398117250865
          ],
          [
            127.09850106323437,
            37.19400259785045
          ],
          [
            127.09849136146644,
            37.19402559186387
          ],
          [
            127.09847964929018,
            37.194047288810964
          ],
          [
            127.09847752169404,
            37.194068254929284
          ],
          [
            127.09847925254614,
            37.1940921675512
          ],
          [
            127.09848068777109,
            37.194115303440334
          ],
          [
            127.09847835990482,
            37.19413396163535
          ],
          [
            127.09847505496806,
            37.19415411973053
          ],
          [
            127.09848320442865,
            37.19417323518438
          ],
          [
            127.09849453083349,
            37.194199226291715
          ],
          [
            127.09849748025383,
            37.194222185964584
          ],
          [
            127.09850018208117,
            37.19424577661577
          ],
          [
            127.09850136194036,
            37.19427216748327
          ],
          [
            127.09850056580211,
            37.194295594457714
          ],
          [
            127.09850069520877,
            37.19432121995868
          ],
          [
            127.09850290994676,
            37.1943452460374
          ],
          [
            127.09850404233137,
            37.19437123153858
          ],
          [
            127.09849965066645,
            37.1943936248533
          ],
          [
            127.09850036217631,
            37.19441779860543
          ],
          [
            127.09849529988256,
            37.19443907636729
          ],
          [
            127.09849461892149,
            37.19446383500732
          ],
          [
            127.09849748732223,
            37.1944877372455
          ],
          [
            127.09849976749418,
            37.19451282400617
          ],
          [
            127.09851356891414,
            37.19452935413334
          ],
          [
            127.0985273639287,
            37.19455342036695
          ],
          [
            127.0985311690218,
            37.19457304502925
          ],
          [
            127.0985300155038,
            37.194593386944035
          ],
          [
            127.09852732142109,
            37.194608670890254
          ],
          [
            127.0985262596664,
            37.1946276392134
          ],
          [
            127.09852688093432,
            37.19464737022096
          ],
          [
            127.09852373925568,
            37.1946660961691
          ],
          [
            127.09852331455555,
            37.194688464450564
          ],
          [
            127.09852535834409,
            37.1947140052853
          ],
          [
            127.09851996586731,
            37.19473788014793
          ],
          [
            127.098520121227,
            37.194761812050466
          ],
          [
            127.09852369432951,
            37.194784401925915
          ],
          [
            127.09852724937343,
            37.194802082635064
          ],
          [
            127.09853592984823,
            37.19481917410103
          ],
          [
            127.09853929160774,
            37.194843212157785
          ],
          [
            127.09853623215514,
            37.19486825069699
          ],
          [
            127.09853237242459,
            37.194893652269634
          ],
          [
            127.09853677752358,
            37.19491557303331
          ],
          [
            127.09854359234635,
            37.194937659832505
          ],
          [
            127.09854867722598,
            37.194958055697604
          ],
          [
            127.09855563910075,
            37.19497915347766
          ],
          [
            127.0985584805493,
            37.19499910555772
          ],
          [
            127.09855982525963,
            37.195021990881365
          ],
          [
            127.0985623155685,
            37.195041949085336
          ],
          [
            127.0985660206183,
            37.195062108117206
          ],
          [
            127.09856726527306,
            37.195092859525246
          ],
          [
            127.09856451949176,
            37.19511483822131
          ],
          [
            127.09856677280013,
            37.19513681438191
          ],
          [
            127.09856747984674,
            37.195160992325626
          ],
          [
            127.0985683763207,
            37.19518255479185
          ],
          [
            127.09856888567191,
            37.19520068686312
          ],
          [
            127.09856686738259,
            37.19522273579059
          ],
          [
            127.09856496081784,
            37.19524798444891
          ],
          [
            127.09856171351998,
            37.19527154792199
          ],
          [
            127.09855924705413,
            37.19529553693441
          ],
          [
            127.09855348201849,
            37.19531641776293
          ],
          [
            127.09855633801807,
            37.19532592636346
          ],
          [
            127.09855690965912,
            37.19534925258417
          ],
          [
            127.09854891823589,
            37.19536621074648
          ],
          [
            127.09853813295182,
            37.19538285510238
          ],
          [
            127.09853079864219,
            37.19539862504182
          ],
          [
            127.09852054053874,
            37.195417819113885
          ],
          [
            127.09851047060216,
            37.19542994808206
          ],
          [
            127.0985054875781,
            37.19545394418143
          ],
          [
            127.09850894781424,
            37.19547480559337
          ],
          [
            127.09851092019576,
            37.19549612486578
          ],
          [
            127.09851131531813,
            37.195520865588065
          ],
          [
            127.09851234060487,
            37.19554672264576
          ],
          [
            127.09851355120769,
            37.19556631299661
          ],
          [
            127.09851787306711,
            37.195584648405735
          ],
          [
            127.09852227550101,
            37.19560728625498
          ],
          [
            127.09852248969824,
            37.19562786505255
          ],
          [
            127.09852285648205,
            37.19564680517746
          ],
          [
            127.09852205730657,
            37.19566967148596
          ],
          [
            127.09852206571684,
            37.19569274569394
          ],
          [
            127.09852386775263,
            37.195715325305095
          ],
          [
            127.0985289801084,
            37.1957353698414
          ],
          [
            127.09852689392551,
            37.195756727046245
          ],
          [
            127.09852037166205,
            37.19578106895419
          ],
          [
            127.09851976589054,
            37.195805194761526
          ],
          [
            127.09851799441627,
            37.19583004967281
          ],
          [
            127.0985110078182,
            37.19585919343672
          ],
          [
            127.09850616040708,
            37.19588192406494
          ],
          [
            127.09850141634881,
            37.19590564863605
          ],
          [
            127.09850070012398,
            37.19592770441595
          ],
          [
            127.09849802493275,
            37.19595039252907
          ],
          [
            127.09849224991216,
            37.19597563048418
          ],
          [
            127.09848891875096,
            37.19600062941503
          ],
          [
            127.09848734094382,
            37.196024596085856
          ],
          [
            127.09848385464225,
            37.19604899642824
          ],
          [
            127.0984818083066,
            37.19607004595348
          ],
          [
            127.09847292388648,
            37.19609214517491
          ],
          [
            127.09846629613757,
            37.19611650274978
          ],
          [
            127.09846465626391,
            37.19613923666183
          ],
          [
            127.09847124087574,
            37.19616047607122
          ],
          [
            127.09847616552908,
            37.196183811804275
          ],
          [
            127.09847595801769,
            37.19621024617767
          ],
          [
            127.09847450933228,
            37.1962373388973
          ],
          [
            127.09847372437049,
            37.19626228395765
          ],
          [
            127.09847402312093,
            37.196287861705756
          ],
          [
            127.09847380102791,
            37.196312022308064
          ],
          [
            127.09847586011102,
            37.19633697382545
          ],
          [
            127.098481384428,
            37.19636223509931
          ],
          [
            127.09848125491538,
            37.19638574605099
          ],
          [
            127.09847970375463,
            37.1964119613348
          ],
          [
            127.09847418643875,
            37.196431332393495
          ],
          [
            127.09847370219317,
            37.19645671490353
          ],
          [
            127.09848041691544,
            37.19647940413449
          ],
          [
            127.098483949115,
            37.1965071072765
          ],
          [
            127.09848592962933,
            37.19653213951591
          ],
          [
            127.09848579015649,
            37.19655607396684
          ],
          [
            127.09848667814654,
            37.196578741746194
          ],
          [
            127.09848668073646,
            37.19660374319262
          ],
          [
            127.09848040240574,
            37.19662599609932
          ],
          [
            127.0984747285701,
            37.19664662440817
          ],
          [
            127.09847607346457,
            37.196667651972355
          ],
          [
            127.09847612671295,
            37.19668892864855
          ],
          [
            127.09847406323577,
            37.19671050082972
          ],
          [
            127.0984767278236,
            37.19673053993082
          ],
          [
            127.09847798616465,
            37.19675071428082
          ],
          [
            127.09847578777139,
            37.19676886654142
          ],
          [
            127.09847626074425,
            37.19678639904189
          ],
          [
            127.09847632830949,
            37.19680426108138
          ],
          [
            127.09847578503135,
            37.19682258185785
          ],
          [
            127.0984781867555,
            37.19683641486173
          ],
          [
            127.0984841624499,
            37.19684467427951
          ],
          [
            127.09849242562966,
            37.19684873809985
          ],
          [
            127.0984934704958,
            37.19684793491063
          ],
          [
            127.0984925035347,
            37.196846236115576
          ],
          [
            127.0984944926835,
            37.19684530414204
          ],
          [
            127.09849416648645,
            37.19684499948349
          ],
          [
            127.09849743316727,
            37.19684425295878
          ],
          [
            127.09849628139267,
            37.196845228267456
          ],
          [
            127.09849607210202,
            37.19684496304259
          ],
          [
            127.09849607210202,
            37.19684496304259
          ],
          [
            127.09849607210202,
            37.19684496304259
          ],
          [
            127.09849607210202,
            37.19684496304259
          ],
          [
            127.09849607210202,
            37.19684496304259
          ],
          [
            127.09849607210202,
            37.19684496304259
          ],
          [
            127.09849607210202,
            37.19684496304259
          ],
          [
            127.09849607210202,
            37.19684496304259
          ],
          [
            127.09849607210202,
            37.19684496304259
          ],
          [
            127.09849607210202,
            37.19684496304259
          ],
          [
            127.09849607210202,
            37.19684496304259
          ],
          [
            127.09849607210202,
            37.19684496304259
          ],
          [
            127.09849607210202,
            37.19684496304259
          ],
          [
            127.09849607210202,
            37.19684496304259
          ],
          [
            127.09849607210202,
            37.19684496304259
          ],
          [
            127.09849607210202,
            37.19684496304259
          ],
          [
            127.09849607210202,
            37.19684496304259
          ],
          [
            127.09849607210202,
            37.19684496304259
          ],
          [
            127.09849607210202,
            37.19684496304259
          ],
          [
            127.09849607210202,
            37.19684496304259
          ],
          [
            127.09849607210202,
            37.19684496304259
          ],
          [
            127.09849607210202,
            37.19684496304259
          ],
          [
            127.09849607210202,
            37.19684496304259
          ],
          [
            127.09849607210202,
            37.19684496304259
          ],
          [
            127.09849607210202,
            37.19684496304259
          ],
          [
            127.09849607210202,
            37.19684496304259
          ],
          [
            127.09849607210202,
            37.19684496304259
          ],
          [
            127.09849607210202,
            37.19684496304259
          ],
          [
            127.09849607210202,
            37.19684496304259
          ],
          [
            127.09849607210202,
            37.19684496304259
          ],
          [
            127.09849607210202,
            37.19684496304259
          ],
          [
            127.09849607210202,
            37.19684496304259
          ],
          [
            127.09849607210202,
            37.19684496304259
          ],
          [
            127.09849607210202,
            37.19684496304259
          ],
          [
            127.09849607210202,
            37.19684496304259
          ],
          [
            127.09849607210202,
            37.19684496304259
          ],
          [
            127.09849607210202,
            37.19684496304259
          ],
          [
            127.09849607210202,
            37.19684496304259
          ],
          [
            127.09849607210202,
            37.19684496304259
          ],
          [
            127.09849607210202,
            37.19684496304259
          ],
          [
            127.09851955431486,
            37.19684811994039
          ],
          [
            127.098519354191,
            37.19684796127425
          ],
          [
            127.098519354191,
            37.19684796127425
          ],
          [
            127.098519354191,
            37.19684796127425
          ],
          [
            127.098519354191,
            37.19684796127425
          ],
          [
            127.098519354191,
            37.19684796127425
          ],
          [
            127.098519354191,
            37.19684796127425
          ],
          [
            127.098519354191,
            37.19684796127425
          ],
          [
            127.098519354191,
            37.19684796127425
          ],
          [
            127.098519354191,
            37.19684796127425
          ],
          [
            127.098519354191,
            37.19684796127425
          ],
          [
            127.098519354191,
            37.19684796127425
          ],
          [
            127.098519354191,
            37.19684796127425
          ],
          [
            127.098519354191,
            37.19684796127425
          ],
          [
            127.098519354191,
            37.19684796127425
          ],
          [
            127.098519354191,
            37.19684796127425
          ],
          [
            127.098519354191,
            37.19684796127425
          ],
          [
            127.098519354191,
            37.19684796127425
          ],
          [
            127.098519354191,
            37.19684796127425
          ],
          [
            127.098519354191,
            37.19684796127425
          ],
          [
            127.098519354191,
            37.19684796127425
          ],
          [
            127.098519354191,
            37.19684796127425
          ],
          [
            127.098519354191,
            37.19684796127425
          ],
          [
            127.098519354191,
            37.19684796127425
          ],
          [
            127.098519354191,
            37.19684796127425
          ],
          [
            127.098519354191,
            37.19684796127425
          ],
          [
            127.098519354191,
            37.19684796127425
          ],
          [
            127.098519354191,
            37.19684796127425
          ],
          [
            127.098519354191,
            37.19684796127425
          ],
          [
            127.098519354191,
            37.19684796127425
          ],
          [
            127.098519354191,
            37.19684796127425
          ],
          [
            127.09852681297438,
            37.19683954611404
          ],
          [
            127.09853401699995,
            37.196854809823265
          ],
          [
            127.09854225118839,
            37.196874417571244
          ],
          [
            127.09854275867798,
            37.1968968602901
          ],
          [
            127.0985426072502,
            37.19692130196505
          ],
          [
            127.09854084271696,
            37.19694777554939
          ],
          [
            127.09854067246738,
            37.19697575868839
          ],
          [
            127.09853745596268,
            37.19699923571344
          ],
          [
            127.09853700695203,
            37.19701570960072
          ],
          [
            127.09853878883449,
            37.19703107486156
          ],
          [
            127.09854582583823,
            37.197049318521884
          ],
          [
            127.09855517399642,
            37.197068989776966
          ],
          [
            127.09856204453344,
            37.19708404271742
          ],
          [
            127.09856705158585,
            37.19710540265324
          ],
          [
            127.09856838302167,
            37.197128364031
          ],
          [
            127.09856769096434,
            37.19715476618711
          ],
          [
            127.09856589511554,
            37.19717564362777
          ],
          [
            127.09856469495807,
            37.19719784140307
          ],
          [
            127.0985689418749,
            37.19722042156647
          ],
          [
            127.09857088865569,
            37.19724926304711
          ],
          [
            127.09856812622242,
            37.197277058113016
          ],
          [
            127.09856848578896,
            37.1973016200123
          ],
          [
            127.09856264747516,
            37.19733156857982
          ],
          [
            127.0985663695833,
            37.19735685544776
          ],
          [
            127.09857354039941,
            37.197380985572366
          ],
          [
            127.09856940009881,
            37.19740767261687
          ],
          [
            127.09856797616598,
            37.19743356669754
          ],
          [
            127.09856994054932,
            37.197454261401205
          ],
          [
            127.09857060016108,
            37.19747156333698
          ],
          [
            127.09858131617888,
            37.19748844678644
          ],
          [
            127.09858392124856,
            37.197511127832364
          ],
          [
            127.09858731362948,
            37.19752863492615
          ],
          [
            127.09857460691451,
            37.19755399277061
          ],
          [
            127.09857821234262,
            37.19757820751303
          ],
          [
            127.09858058496005,
            37.19760649961393
          ],
          [
            127.09858216301083,
            37.19762929588909
          ],
          [
            127.09858001088499,
            37.19765435141757
          ],
          [
            127.09858310357606,
            37.19767551992745
          ],
          [
            127.09858320142845,
            37.19770064414199
          ],
          [
            127.09858570092874,
            37.197723070592964
          ],
          [
            127.09858345819559,
            37.19775029022176
          ],
          [
            127.09859257078108,
            37.19777627149102
          ],
          [
            127.09858044499626,
            37.19780398631098
          ],
          [
            127.09858190287619,
            37.19782762586635
          ],
          [
            127.09858570743613,
            37.19785291955032
          ],
          [
            127.09859020892108,
            37.19787740387744
          ],
          [
            127.09859185270354,
            37.19790136901868
          ],
          [
            127.09858193577313,
            37.19792897784185
          ],
          [
            127.09858379968439,
            37.19794539896802
          ],
          [
            127.09858394735633,
            37.19797683595176
          ],
          [
            127.09858707856989,
            37.19799928912841
          ],
          [
            127.09858478875599,
            37.198023441228464
          ],
          [
            127.09857700260399,
            37.19805232554215
          ],
          [
            127.09857281919497,
            37.19807657189744
          ],
          [
            127.09856782857089,
            37.198101109835605
          ],
          [
            127.09856404230588,
            37.19812211074022
          ],
          [
            127.09856679692946,
            37.198145494310985
          ],
          [
            127.09856768837365,
            37.19816847328043
          ],
          [
            127.0985629818087,
            37.198195261802894
          ],
          [
            127.09855377891516,
            37.1982178438336
          ],
          [
            127.0985399779277,
            37.19823821888974
          ],
          [
            127.09852510648619,
            37.19825645985717
          ],
          [
            127.09851775256078,
            37.198273823154885
          ],
          [
            127.09851467389687,
            37.198288222920546
          ],
          [
            127.09851399741122,
            37.198298740888696
          ],
          [
            127.09851492373004,
            37.19830531732784
          ],
          [
            127.09851422254681,
            37.19830180574985
          ],
          [
            127.09851446067852,
            37.19829992713334
          ],
          [
            127.09851405946422,
            37.19830091036361
          ],
          [
            127.09851308601353,
            37.1983015473966
          ],
          [
            127.09851299027608,
            37.19830128389891
          ],
          [
            127.09851299027608,
            37.19830128389891
          ],
          [
            127.09851655435294,
            37.19830071346382
          ],
          [
            127.09851602401201,
            37.19830050605654
          ],
          [
            127.09851591181553,
            37.19830109454217
          ],
          [
            127.09851501324474,
            37.19830184196958
          ],
          [
            127.09851510323675,
            37.19830168599508
          ],
          [
            127.09851510323675,
            37.19830168599508
          ],
          [
            127.09851510323675,
            37.19830168599508
          ],
          [
            127.09851601096548,
            37.19830125733302
          ],
          [
            127.09851601096548,
            37.19830125733302
          ],
          [
            127.09851601096548,
            37.19830125733302
          ],
          [
            127.09851601096548,
            37.19830125733302
          ],
          [
            127.09851743304345,
            37.198302865492295
          ],
          [
            127.098517393695,
            37.19830278048901
          ],
          [
            127.09851775788658,
            37.198302758929444
          ],
          [
            127.09851775788658,
            37.198302758929444
          ],
          [
            127.09851775788658,
            37.198302758929444
          ],
          [
            127.09851775788658,
            37.198302758929444
          ],
          [
            127.09851775788658,
            37.198302758929444
          ],
          [
            127.09851775788658,
            37.198302758929444
          ],
          [
            127.09851775788658,
            37.198302758929444
          ],
          [
            127.09851902159772,
            37.19830700974366
          ],
          [
            127.09851939935976,
            37.198307349881944
          ],
          [
            127.09851939935976,
            37.198307349881944
          ],
          [
            127.09851939935976,
            37.198307349881944
          ],
          [
            127.09851939935976,
            37.198307349881944
          ],
          [
            127.09851939935976,
            37.198307349881944
          ],
          [
            127.09851939935976,
            37.198307349881944
          ],
          [
            127.09851939935976,
            37.198307349881944
          ],
          [
            127.09851939935976,
            37.198307349881944
          ],
          [
            127.09851939935976,
            37.198307349881944
          ],
          [
            127.09851939935976,
            37.198307349881944
          ],
          [
            127.09851939935976,
            37.198307349881944
          ],
          [
            127.09851939935976,
            37.198307349881944
          ],
          [
            127.09851939935976,
            37.198307349881944
          ],
          [
            127.09851939935976,
            37.198307349881944
          ],
          [
            127.09851939935976,
            37.198307349881944
          ],
          [
            127.09851939935976,
            37.198307349881944
          ],
          [
            127.09851939935976,
            37.198307349881944
          ],
          [
            127.09851939935976,
            37.198307349881944
          ],
          [
            127.09851939935976,
            37.198307349881944
          ],
          [
            127.09851939935976,
            37.198307349881944
          ],
          [
            127.09851939935976,
            37.198307349881944
          ],
          [
            127.09851939935976,
            37.198307349881944
          ],
          [
            127.09851939935976,
            37.198307349881944
          ],
          [
            127.09851939935976,
            37.198307349881944
          ],
          [
            127.09851939935976,
            37.198307349881944
          ],
          [
            127.09851939935976,
            37.198307349881944
          ],
          [
            127.09851939935976,
            37.198307349881944
          ],
          [
            127.09851939935976,
            37.198307349881944
          ],
          [
            127.09851939935976,
            37.198307349881944
          ],
          [
            127.09851939935976,
            37.198307349881944
          ],
          [
            127.09851939935976,
            37.198307349881944
          ],
          [
            127.09851939935976,
            37.198307349881944
          ],
          [
            127.09851939935976,
            37.198307349881944
          ],
          [
            127.09852427398175,
            37.19830440763259
          ],
          [
            127.09852399329684,
            37.19830441240126
          ],
          [
            127.09852399329684,
            37.19830441240126
          ],
          [
            127.09852399329684,
            37.19830441240126
          ],
          [
            127.0985241334981,
            37.19830570607845
          ],
          [
            127.0985241334981,
            37.19830570607845
          ],
          [
            127.0985241334981,
            37.19830570607845
          ],
          [
            127.0985241334981,
            37.19830570607845
          ],
          [
            127.09852489320491,
            37.198307681740225
          ],
          [
            127.09852501055087,
            37.19830756802682
          ],
          [
            127.09852501055087,
            37.19830756802682
          ],
          [
            127.09852501055087,
            37.19830756802682
          ],
          [
            127.09852501055087,
            37.19830756802682
          ],
          [
            127.09852501055087,
            37.19830756802682
          ],
          [
            127.09852501055087,
            37.19830756802682
          ],
          [
            127.09852501055087,
            37.19830756802682
          ],
          [
            127.09852501055087,
            37.19830756802682
          ],
          [
            127.09852501055087,
            37.19830756802682
          ],
          [
            127.09852501055087,
            37.19830756802682
          ],
          [
            127.09852501055087,
            37.19830756802682
          ],
          [
            127.09852501055087,
            37.19830756802682
          ],
          [
            127.09852501055087,
            37.19830756802682
          ],
          [
            127.09852501055087,
            37.19830756802682
          ],
          [
            127.09852498506348,
            37.198311002048975
          ],
          [
            127.09852511023941,
            37.19831079463335
          ],
          [
            127.09852511023941,
            37.19831079463335
          ],
          [
            127.09852511023941,
            37.19831079463335
          ],
          [
            127.09852511023941,
            37.19831079463335
          ],
          [
            127.09852511023941,
            37.19831079463335
          ],
          [
            127.09852511023941,
            37.19831079463335
          ],
          [
            127.09852511023941,
            37.19831079463335
          ],
          [
            127.09852511023941,
            37.19831079463335
          ],
          [
            127.09852511023941,
            37.19831079463335
          ],
          [
            127.09852511023941,
            37.19831079463335
          ],
          [
            127.09852511023941,
            37.19831079463335
          ],
          [
            127.09852511023941,
            37.19831079463335
          ],
          [
            127.09852511023941,
            37.19831079463335
          ],
          [
            127.09852511023941,
            37.19831079463335
          ],
          [
            127.09852511023941,
            37.19831079463335
          ],
          [
            127.09852511023941,
            37.19831079463335
          ],
          [
            127.09852511023941,
            37.19831079463335
          ],
          [
            127.09852511023941,
            37.19831079463335
          ],
          [
            127.09852511023941,
            37.19831079463335
          ],
          [
            127.09852511023941,
            37.19831079463335
          ],
          [
            127.09852511023941,
            37.19831079463335
          ],
          [
            127.09852511023941,
            37.19831079463335
          ],
          [
            127.09852511023941,
            37.19831079463335
          ],
          [
            127.09852511023941,
            37.19831079463335
          ],
          [
            127.09852511023941,
            37.19831079463335
          ],
          [
            127.09852511023941,
            37.19831079463335
          ],
          [
            127.09852511023941,
            37.19831079463335
          ],
          [
            127.09852511023941,
            37.19831079463335
          ],
          [
            127.09852511023941,
            37.19831079463335
          ],
          [
            127.09852511023941,
            37.19831079463335
          ],
          [
            127.09852511023941,
            37.19831079463335
          ],
          [
            127.09852511023941,
            37.19831079463335
          ],
          [
            127.09852511023941,
            37.19831079463335
          ],
          [
            127.09852511023941,
            37.19831079463335
          ],
          [
            127.09852511023941,
            37.19831079463335
          ],
          [
            127.09852511023941,
            37.19831079463335
          ],
          [
            127.09852511023941,
            37.19831079463335
          ],
          [
            127.09852511023941,
            37.19831079463335
          ],
          [
            127.09852511023941,
            37.19831079463335
          ],
          [
            127.09852511023941,
            37.19831079463335
          ],
          [
            127.09852511023941,
            37.19831079463335
          ],
          [
            127.09852511023941,
            37.19831079463335
          ],
          [
            127.09852511023941,
            37.19831079463335
          ],
          [
            127.09852511023941,
            37.19831079463335
          ],
          [
            127.09852511023941,
            37.19831079463335
          ],
          [
            127.09852511023941,
            37.19831079463335
          ],
          [
            127.09852511023941,
            37.19831079463335
          ],
          [
            127.09852511023941,
            37.19831079463335
          ],
          [
            127.09851838424937,
            37.198306410072114
          ],
          [
            127.0985210979144,
            37.19832140259142
          ],
          [
            127.0985241262913,
            37.19834335026131
          ],
          [
            127.09852419180567,
            37.19836722628526
          ],
          [
            127.09852360396548,
            37.19839390077006
          ],
          [
            127.09852371435507,
            37.19842039485088
          ],
          [
            127.09852249983037,
            37.19844746375881
          ],
          [
            127.09852136247319,
            37.19847586433023
          ],
          [
            127.09852117493897,
            37.198503136922234
          ],
          [
            127.09852198891822,
            37.19852928894974
          ],
          [
            127.09852309544253,
            37.19855693480296
          ],
          [
            127.09852083130615,
            37.19858440534273
          ],
          [
            127.0985220804155,
            37.198613010634695
          ],
          [
            127.0985173642307,
            37.198640195543646
          ],
          [
            127.09851047820176,
            37.198664077993975
          ],
          [
            127.09850472527529,
            37.19869457564106
          ],
          [
            127.0985004222036,
            37.198713222255144
          ],
          [
            127.0985113310365,
            37.19873410410578
          ],
          [
            127.09850692161473,
            37.19876274354891
          ],
          [
            127.09850901046384,
            37.1987895222268
          ],
          [
            127.0985124624996,
            37.198814403347
          ],
          [
            127.09850292038185,
            37.19884400070457
          ],
          [
            127.09850950435693,
            37.19886690695709
          ],
          [
            127.0985077668707,
            37.19889689646638
          ],
          [
            127.09850888626096,
            37.19892137227202
          ],
          [
            127.09851381931875,
            37.19894572900738
          ],
          [
            127.09851049558196,
            37.19897344111282
          ],
          [
            127.0985151890787,
            37.19899666351968
          ],
          [
            127.098515176721,
            37.19902250363851
          ],
          [
            127.09851356681561,
            37.19904967351798
          ],
          [
            127.09850579877909,
            37.19908182696205
          ],
          [
            127.09850106426393,
            37.19910728066574
          ],
          [
            127.09848305606273,
            37.19913525026542
          ],
          [
            127.0984942596243,
            37.199158279967854
          ],
          [
            127.09849687736188,
            37.19917949829875
          ],
          [
            127.09849672062298,
            37.19919752614943
          ],
          [
            127.09849295455405,
            37.199221198333674
          ],
          [
            127.09849514621659,
            37.19924948565638
          ],
          [
            127.09849414770937,
            37.19927759869636
          ],
          [
            127.09848935994428,
            37.19930688477707
          ],
          [
            127.09848786504854,
            37.19933468947589
          ],
          [
            127.09848472862029,
            37.19936129088731
          ],
          [
            127.09848753252508,
            37.19938386792166
          ],
          [
            127.09848505006192,
            37.199409463027685
          ],
          [
            127.09848410887832,
            37.19943848878138
          ],
          [
            127.09847171468788,
            37.19946883715966
          ],
          [
            127.09846338134862,
            37.199491463664415
          ],
          [
            127.09845946162753,
            37.19951950450572
          ],
          [
            127.0984565876362,
            37.19954741933935
          ],
          [
            127.0984557074287,
            37.199575712038
          ],
          [
            127.09845703172266,
            37.199602998194294
          ],
          [
            127.09845843095347,
            37.19963118047204
          ],
          [
            127.09845897644354,
            37.1996571629178
          ],
          [
            127.09846119696259,
            37.199683291956305
          ],
          [
            127.09846262628822,
            37.199708940123806
          ],
          [
            127.0984605338701,
            37.199736016304016
          ],
          [
            127.0984612381819,
            37.199763573977584
          ],
          [
            127.09846272555205,
            37.19978892536483
          ],
          [
            127.09846102626406,
            37.1998155537752
          ],
          [
            127.09845747456134,
            37.199845106499474
          ],
          [
            127.09846005857666,
            37.199871906655886
          ],
          [
            127.098460469723,
            37.19989905130452
          ],
          [
            127.09846001681383,
            37.199928499840055
          ],
          [
            127.09846143150173,
            37.1999581748181
          ],
          [
            127.09846555676393,
            37.19998598055493
          ],
          [
            127.09847478479095,
            37.20001413794567
          ],
          [
            127.09848408128036,
            37.20004055650065
          ],
          [
            127.09848995122528,
            37.20006964580503
          ],
          [
            127.09849309481254,
            37.200097509095485
          ],
          [
            127.09849448731579,
            37.200127650766376
          ],
          [
            127.09849463672741,
            37.200155844967774
          ],
          [
            127.09849544025934,
            37.20018432772661
          ],
          [
            127.09849577994369,
            37.20021373243531
          ],
          [
            127.09849251619754,
            37.20024265306715
          ],
          [
            127.09849084410963,
            37.200269714556725
          ],
          [
            127.09849024149948,
            37.20029796674985
          ],
          [
            127.09848873899085,
            37.20032535480872
          ],
          [
            127.09848469881925,
            37.20034942905169
          ],
          [
            127.09848844221575,
            37.20037615408162
          ],
          [
            127.09849380219711,
            37.20040150019462
          ],
          [
            127.09849693501965,
            37.200427187526365
          ],
          [
            127.09849757240997,
            37.200456775392716
          ],
          [
            127.09850044946701,
            37.20048485668357
          ],
          [
            127.09849536135467,
            37.20051602557717
          ],
          [
            127.09849514223235,
            37.20054342198869
          ],
          [
            127.09849781700487,
            37.20056557563447
          ],
          [
            127.09850040898822,
            37.20059470671297
          ],
          [
            127.09850251446659,
            37.20061908067317
          ],
          [
            127.09850189413662,
            37.200647681745274
          ],
          [
            127.09850169257689,
            37.20067455191054
          ],
          [
            127.09849910770257,
            37.200702059931764
          ],
          [
            127.09849992657443,
            37.200728900557216
          ],
          [
            127.09850823990458,
            37.2007514037009
          ],
          [
            127.09850550585017,
            37.200780514355436
          ],
          [
            127.09850905582864,
            37.20080118747474
          ],
          [
            127.09851054923787,
            37.20082555647517
          ],
          [
            127.09851691254812,
            37.20084363221082
          ],
          [
            127.0985234212877,
            37.20085551317049
          ],
          [
            127.09852554739517,
            37.20086082882955
          ],
          [
            127.09852130825057,
            37.200856474512705
          ],
          [
            127.0985198831431,
            37.20085818746338
          ],
          [
            127.09851883763012,
            37.200858348380734
          ],
          [
            127.0985187959707,
            37.20085822843252
          ],
          [
            127.0985187959707,
            37.20085822843252
          ],
          [
            127.0985187959707,
            37.20085822843252
          ],
          [
            127.0985172388258,
            37.20086019143066
          ],
          [
            127.09851658201629,
            37.200861108782874
          ],
          [
            127.09851568407166,
            37.200860740269626
          ],
          [
            127.09851392219088,
            37.20085923923563
          ],
          [
            127.09851303146655,
            37.20085834953735
          ],
          [
            127.09851145850087,
            37.20086070196097
          ],
          [
            127.09851041798282,
            37.200868053619146
          ],
          [
            127.09850901862723,
            37.20087520853806
          ],
          [
            127.09849809115258,
            37.20087549087082
          ],
          [
            127.09849098477488,
            37.2008768980049
          ],
          [
            127.09849255820467,
            37.20088440325573
          ],
          [
            127.09848552664651,
            37.20089684110543
          ],
          [
            127.09847142450256,
            37.20091248781737
          ],
          [
            127.09846261639593,
            37.200929668200224
          ],
          [
            127.09845197285813,
            37.20094421554064
          ],
          [
            127.09844225222267,
            37.20096369406075
          ],
          [
            127.09843276768409,
            37.20098363867516
          ],
          [
            127.0984220154313,
            37.20100187293498
          ],
          [
            127.0984131232731,
            37.201020470210075
          ],
          [
            127.09839969060125,
            37.20103212765508
          ],
          [
            127.09838557985746,
            37.201050893367345
          ],
          [
            127.09837362165439,
            37.20106972420372
          ],
          [
            127.0983618564515,
            37.20108895599169
          ],
          [
            127.09834914612442,
            37.20110904958406
          ],
          [
            127.09833524793939,
            37.20112984143943
          ],
          [
            127.09831833145168,
            37.201149216098
          ],
          [
            127.09829949192907,
            37.201165237978216
          ],
          [
            127.09828320716383,
            37.20118097880616
          ],
          [
            127.09826614874477,
            37.20119329965109
          ],
          [
            127.0982478041928,
            37.201202768783816
          ],
          [
            127.0982288691169,
            37.20121107705926
          ],
          [
            127.09820717255514,
            37.20121555511756
          ],
          [
            127.09818747640495,
            37.201216745142766
          ],
          [
            127.09817870564102,
            37.20121444840167
          ],
          [
            127.09817888628162,
            37.20121358277772
          ],
          [
            127.09817854332088,
            37.20121327937305
          ],
          [
            127.09817880165085,
            37.20121214144741
          ],
          [
            127.09817926418721,
            37.20121198486871
          ],
          [
            127.09817926418721,
            37.20121198486871
          ],
          [
            127.09817926418721,
            37.20121198486871
          ],
          [
            127.09817205142645,
            37.20121656229597
          ],
          [
            127.09816069860811,
            37.20121361829117
          ],
          [
            127.09815121635357,
            37.20121076444124
          ],
          [
            127.09814229185878,
            37.20121140287212
          ],
          [
            127.09813360127379,
            37.20121645596687
          ],
          [
            127.09812201165921,
            37.20122019293826
          ],
          [
            127.09810944021153,
            37.201218031172324
          ],
          [
            127.09809099312618,
            37.201218808129575
          ],
          [
            127.09807463698179,
            37.20121749369513
          ],
          [
            127.09805472715978,
            37.20122024942575
          ],
          [
            127.09803409737235,
            37.20122211991776
          ],
          [
            127.09801486772777,
            37.20122379626073
          ],
          [
            127.09798964274908,
            37.20122488785027
          ],
          [
            127.0979646529147,
            37.201226188424464
          ],
          [
            127.09793958783544,
            37.201227081677075
          ],
          [
            127.09791581352297,
            37.20123060370704
          ],
          [
            127.09789201996456,
            37.20123132613642
          ],
          [
            127.0978727802113,
            37.20122900665976
          ],
          [
            127.09785344715608,
            37.20123224340478
          ],
          [
            127.0978290213273,
            37.201233958920554
          ],
          [
            127.09780141796381,
            37.201235852174925
          ],
          [
            127.09777553493122,
            37.20123430046308
          ],
          [
            127.09774964595736,
            37.201236017360664
          ],
          [
            127.09772121361252,
            37.20123772506742
          ],
          [
            127.09769332950162,
            37.20123803462457
          ],
          [
            127.09766580379964,
            37.20123911311514
          ],
          [
            127.09763983845366,
            37.20123931283594
          ],
          [
            127.09759772417655,
            37.201242863177264
          ],
          [
            127.09755882375165,
            37.20124077281394
          ],
          [
            127.0975257140534,
            37.20123687475054
          ],
          [
            127.09749909736637,
            37.201235877711
          ],
          [
            127.0974741211193,
            37.201235432355205
          ],
          [
            127.0974476919696,
            37.201238172953026
          ],
          [
            127.09741822375004,
            37.201238922780355
          ],
          [
            127.09738841068311,
            37.201240488053664
          ],
          [
            127.09735954199647,
            37.201241710128365
          ],
          [
            127.0973285415228,
            37.20124115964185
          ],
          [
            127.09730076037991,
            37.201241089402416
          ],
          [
            127.0972726355461,
            37.201243348323786
          ],
          [
            127.09724683185078,
            37.201245485394146
          ],
          [
            127.09722206406288,
            37.20124896090191
          ],
          [
            127.09719871170574,
            37.20125411785625
          ],
          [
            127.0971760045539,
            37.201262880697016
          ],
          [
            127.09715021851552,
            37.201274942505265
          ],
          [
            127.09712538326461,
            37.20128982174804
          ],
          [
            127.097101384376,
            37.201300945309534
          ],
          [
            127.09707382990256,
            37.201304855459796
          ],
          [
            127.09704441932641,
            37.201304031339816
          ],
          [
            127.09701483159742,
            37.20129659017422
          ],
          [
            127.09699163755343,
            37.20129255507701
          ],
          [
            127.09698004989941,
            37.20128900288506
          ],
          [
            127.09697511576245,
            37.201287195011915
          ],
          [
            127.09696220454728,
            37.20128660113643
          ],
          [
            127.0969431685505,
            37.20127974971476
          ],
          [
            127.0969193125444,
            37.20126886555984
          ],
          [
            127.0968924476843,
            37.201252783280715
          ],
          [
            127.09686768998586,
            37.20123705879359
          ],
          [
            127.09684026679514,
            37.201228941393644
          ],
          [
            127.09680993372449,
            37.201230526901504
          ],
          [
            127.09677949108328,
            37.20123300271189
          ],
          [
            127.09674601454607,
            37.20123852028986
          ],
          [
            127.09671660078047,
            37.20124017577628
          ],
          [
            127.09668679940714,
            37.2012395179011
          ],
          [
            127.0966594548862,
            37.20123882708562
          ],
          [
            127.09662442796034,
            37.201233929290765
          ],
          [
            127.09659383132697,
            37.20123207259456
          ],
          [
            127.09656285296205,
            37.20123115387444
          ],
          [
            127.09653607312798,
            37.20122660113808
          ],
          [
            127.0965113926638,
            37.20122177418958
          ],
          [
            127.09649607990207,
            37.20121461456091
          ],
          [
            127.09648917881391,
            37.20119982075558
          ],
          [
            127.09648851280126,
            37.20117738592047
          ],
          [
            127.0964895779457,
            37.201149892537224
          ],
          [
            127.09650020790346,
            37.20112775389337
          ],
          [
            127.0965059354981,
            37.20110891419679
          ],
          [
            127.09651262310192,
            37.201091285776585
          ],
          [
            127.09651685621567,
            37.201074463870455
          ],
          [
            127.09651876003214,
            37.20105912086513
          ],
          [
            127.09651878137613,
            37.20103903257791
          ],
          [
            127.09651758712334,
            37.201018512859164
          ],
          [
            127.09651149332497,
            37.200996892019624
          ],
          [
            127.09650710147258,
            37.20097337685482
          ],
          [
            127.09650146764135,
            37.20094826592921
          ],
          [
            127.09649769934502,
            37.200923905390255
          ],
          [
            127.09650121369896,
            37.200898094227526
          ],
          [
            127.09650998559229,
            37.20087864905471
          ],
          [
            127.0965076577453,
            37.200849720792135
          ],
          [
            127.09650599679541,
            37.200825236581494
          ],
          [
            127.09650291732738,
            37.20080022139006
          ],
          [
            127.09650754250333,
            37.200798752197926
          ],
          [
            127.0965191190894,
            37.200771158570035
          ],
          [
            127.09652083496533,
            37.20074808422416
          ],
          [
            127.09651317168282,
            37.20072371980753
          ],
          [
            127.09647406664543,
            37.20072191617558
          ],
          [
            127.09646000448525,
            37.20069630691259
          ],
          [
            127.09644880168197,
            37.200675234821134
          ],
          [
            127.09645115794268,
            37.2006515077128
          ],
          [
            127.09644766234707,
            37.200621026680196
          ],
          [
            127.09645087348659,
            37.20059693495451
          ],
          [
            127.09644943790374,
            37.200569989147944
          ],
          [
            127.09645076342082,
            37.20054590609957
          ],
          [
            127.09645106786542,
            37.200534568310566
          ],
          [
            127.09644740761149,
            37.20053532096513
          ],
          [
            127.09642466294389,
            37.20053083597653
          ],
          [
            127.09643059947226,
            37.20053455722925
          ],
          [
            127.0964326676627,
            37.200537585603584
          ],
          [
            127.0964288060682,
            37.200534788718834
          ],
          [
            127.09642975218168,
            37.20053676068483
          ],
          [
            127.09642858183788,
            37.2005359225694
          ],
          [
            127.09642888429214,
            37.20053745198352
          ],
          [
            127.09642864116041,
            37.20053597956587
          ],
          [
            127.09642682960964,
            37.20053578570171
          ],
          [
            127.0964250185774,
            37.20053330975681
          ]
        ]
      }
    }
  ]
}